name,Alpha-2,FID,cx,cy
Afghanistan,AF,AFG,66.08485482,33.85587272
Angola,AO,AGO,17.50252928,-12.29370626
Albania,AL,ALB,20.03711893,41.13684657
United Arab Emirates,AE,ARE,54.21088575,23.8697672
Argentina,AR,ARG,-65.14796745,-35.21990149
Armenia,AM,ARM,44.99609922,40.21906215
Antarctica,AQ,ATA,31.17006196,-77.33935887
French Southern and Antarctic Lands,TF,ATF,69.53826662,-49.30718006
Australia,AU,AUS,134.374893,-25.56030649
Austria,AT,AUT,14.07417887,47.61312693
Azerbaijan,AZ,AZE,47.67900335,40.28068522
Burundi,BI,BDI,29.90898676,-3.378926867
Belgium,BE,BEL,4.582263059,50.64979266
Benin,BJ,BEN,2.33517748,9.649857077
Burkina Faso,BF,BFA,-1.78360406,12.30859548
Bangladesh,BD,BGD,90.26582057,23.84051599
Bulgaria,BG,BGR,25.19703785,42.75330277
The Bahamas,BS,BHS,-77.91393537,24.51264427
Bosnia and Herzegovina,BA,BIH,17.82309084,44.17889584
Belarus,BY,BLR,27.9798814,53.50513631
Belize,BZ,BLZ,-88.70447695,17.19792058
Bermuda,BM,BMU,-64.75689494,32.31190821
Bolivia,BO,BOL,-64.64414468,-16.72839497
Brazil,BR,BRA,-53.05651962,-10.80582079
Brunei,BN,BRN,114.912397,4.691082686
Bhutan,BT,BTN,90.4743378,27.42914358
Botswana,BW,BWA,23.77700187,-22.09914347
Central African Republic,CF,CAF,20.37138189,6.540752437
Canada,CA,CAN,-101.5719643,57.74988429
Switzerland,CH,CHE,8.121259999,46.79187074
Chile,CL,CHL,-71.67142626,-37.34688948
China,CN,CHN,103.8654868,36.60959598
Ivory Coast,CI,CIV,-5.607318518,7.553629545
Cameroon,CM,CMR,12.60744337,5.661105284
Democratic Republic of the Congo,CD,COD,23.58075007,-2.850206635
Republic of the Congo,CG,COG,15.13647528,-0.836012763
Colombia,CO,COL,-73.08005814,3.931276326
Costa Rica,CR,CRI,-84.1752655,9.96479353
Cuba,CU,CUB,-78.96295324,21.63345433
Northern Cyprus,,-99,33.55715989,35.27140583
Cyprus,CY,CYP,33.04064858,34.90771415
Czech Republic,CZ,CZE,15.33727541,49.77446613
Germany,DE,DEU,10.28885064,51.13066801
Djibouti,DJ,DJI,42.49968903,11.77575032
Denmark,DK,DNK,9.308941675,56.2238643
Dominican Republic,DO,DOM,-70.46219233,18.88346431
Algeria,DZ,DZA,2.599261654,28.18514668
Ecuador,EC,ECU,-78.385015,-1.455624747
Egypt,EG,EGY,29.84461726,26.50739255
Eritrea,ER,ERI,38.67685097,15.4282515
Spain,ES,ESP,-3.618347921,40.34844745
Estonia,EE,EST,25.82725536,58.64532564
Ethiopia,ET,ETH,39.55196804,8.653650402
Finland,FI,FIN,26.2081361,64.50313205
Fiji,FJ,FJI,177.9899991,-17.83198582
Falkland Islands,FK,FLK,-59.4225003,-51.7109905
France,FR,FRA,2.338420231,46.60619339
Gabon,GA,GAB,11.68809059,-0.645406293
United Kingdom,GB,GBR,-2.660324843,53.88715989
Georgia,GE,GEO,43.47751659,42.16408364
Ghana,GH,GHA,-1.23857893,7.928238238
Guinea,GN,GIN,-11.05747619,10.44766756
Gambia,GM,GMB,-15.4305059,13.47817818
Guinea Bissau,GW,GNB,-15.11079609,12.02213687
Equatorial Guinea,GQ,GNQ,10.36453179,1.644723583
Greece,GR,GRC,22.56615784,39.34471818
Greenland,GL,GRL,-41.4985072,74.76999578
Guatemala,GT,GTM,-90.36866894,15.7021608
French Guiana,GF,GUF,-53.23797368,3.903763334
Guyana,GY,GUY,-58.96960632,4.790511651
Honduras,HN,HND,-86.59004481,14.82385025
Croatia,HR,HRV,16.56581386,45.01866052
Haiti,HT,HTI,-72.66151,18.89767062
Hungary,HU,HUN,19.35749044,47.2009468
Indonesia,ID,IDN,101.5565186,-0.415044126
India,IN,IND,79.59578175,22.92631261
Ireland,IE,IRL,-8.010126927,53.17964866
Iran,IR,IRN,54.28636054,32.51810419
Iraq,IQ,IRQ,43.75928482,33.03447295
Iceland,IS,ISL,-18.75518361,65.07457163
Israel,IL,ISR,35.00283359,31.48534803
Italy,IT,ITA,12.22250849,43.47173974
Jamaica,JM,JAM,-77.32396199,18.13829703
Jordan,JO,JOR,36.77452998,31.2477718
Japan,JP,JPN,136.8831388,36.01581091
Kazakhstan,KZ,KAZ,67.28540737,48.19049137
Kenya,KE,KEN,37.79941544,0.592462455
Kyrgyzstan,KG,KGZ,74.6187886,41.50532569
Cambodia,KH,KHM,104.8743445,12.68369653
South Korea,KR,KOR,127.8235022,36.42911402
Kosovo,,CS-KM,20.89317328,42.57933399
Kuwait,KW,KWT,47.60152809,29.30651144
Laos,LA,LAO,103.7435938,18.45155854
Lebanon,LB,LBN,35.86647145,33.91093886
Liberia,LR,LBR,-9.406756395,6.430888119
Libya,LY,LBY,17.97446184,26.99789078
Sri Lanka,LK,LKA,80.66572016,7.70044644
Lesotho,LS,LSO,28.17083571,-29.62752163
Lithuania,LT,LTU,23.88246804,55.2834855
Luxembourg,LU,LUX,5.96804288,49.76439275
Latvia,LV,LVA,24.8409045,56.80854317
Morocco,MA,MAR,-8.417283023,29.88599718
Moldova,MD,MDA,28.40942921,47.20821872
Madagascar,MG,MDG,46.68809403,-19.36505813
Mexico,MX,MEX,-102.5756686,23.93486392
Macedonia,MK,MKD,21.69916719,41.60953389
Mali,ML,MLI,-3.546193848,17.26981611
Malta,MT,MLT,14.44140488,35.88590853
Myanmar,MM,MMR,96.5008914,21.02352626
Montenegro,ME,MNE,19.28947027,42.7881079
Mongolia,MN,MNG,102.9485599,46.82277158
Mozambique,MZ,MOZ,35.47165223,-17.22816355
Mauritania,MR,MRT,-10.32895724,20.21110361
Malawi,MW,MWI,34.19291401,-13.16777402
Malaysia,MY,MYS,114.6766202,3.550788108
Namibia,NA,NAM,17.15858915,-22.10428417
New Caledonia,NC,NCL,165.5357083,-21.26134384
Niger,NE,NER,9.320681375,17.34439224
Nigeria,NG,NGA,7.996693146,9.550150032
Nicaragua,NI,NIC,-85.02407299,12.84792318
Netherlands,NL,NLD,5.512322807,52.29793855
Norway,NO,NOR,14.25185393,64.53910199
Nepal,NP,NPL,84.01458218,28.23905474
New Zealand,NZ,NZL,170.516725,-43.9818925
Oman,OM,OMN,56.09374761,20.57663705
Pakistan,PK,PAK,69.41434488,29.9745565
Panama,PA,PAN,-80.11651524,8.530594243
Peru,PE,PER,-74.39452893,-9.189687566
Philippines,PH,PHL,121.541655,15.75411157
Papua New Guinea,PG,PNG,144.3343004,-6.642150514
Poland,PL,POL,19.30830634,52.14822179
Puerto Rico,PR,PRI,-66.48105344,18.23783143
North Korea,KP,PRK,127.1663669,40.14166084
Portugal,PT,PRT,-8.054826122,39.62892068
Paraguay,PY,PRY,-58.3905284,-23.24455576
Qatar,QA,QAT,51.17881854,25.32309408
Romania,RO,ROU,24.94331002,45.85947838
Russia,RU,RUS,99.21338332,61.69206529
Rwanda,RW,RWA,29.91843962,-2.014502031
Western Sahara,EH,ESH,-12.1335925,24.29981578
Saudi Arabia,SA,SAU,44.51622588,24.12407011
Sudan,SD,SDN,29.86099602,15.98981121
South Sudan,,SSD,30.20056803,7.292545234
Senegal,SN,SEN,-14.51074147,14.35147792
Solomon Islands,SB,SLB,159.1027363,-7.902865572
Sierra Leone,SL,SLE,-11.79588626,8.530340186
El Salvador,SV,SLV,-88.87474209,13.72775912
Somaliland,,-99,46.23085155,9.756866082
Somalia,SO,SOM,45.72833459,4.751531121
Republic of Serbia,RS,SRB,20.82103109,44.23243418
Suriname,SR,SUR,-55.90837785,4.121681396
Slovakia,SK,SVK,19.50541735,48.72664233
Slovenia,SI,SVN,14.94119499,46.12827723
Sweden,SE,SWE,16.59607785,62.81299748
Swaziland,SZ,SWZ,31.395316,-26.49131958
Syria,SY,SYR,38.54431408,35.01331479
Chad,TD,TCD,18.57939612,15.32987916
Togo,TG,TGO,0.991878177,8.438169012
Thailand,TH,THA,101.0090455,15.01348011
Tajikistan,TJ,TJK,71.03699684,38.58083109
Turkmenistan,TM,TKM,59.27573416,39.09187022
East Timor,TL,TLS,125.9688454,-8.768787685
Trinidad and Tobago,TT,TTO,-61.32934103,10.42815964
Tunisia,TN,TUN,9.532639414,34.17473668
Turkey,TR,TUR,35.39368757,38.99177136
Taiwan,TW,TWN,120.9714681,23.74164747
United Republic of Tanzania,TZ,TZA,34.75295659,-6.256902172
Uganda,UG,UGA,32.36037192,1.295863565
Ukraine,UA,UKR,31.36918736,48.97048687
Uruguay,UY,URY,-56.00271037,-32.77954675
United States of America,US,USA,-99.06317668,39.50285816
Uzbekistan,UZ,UZB,63.20808373,41.74752887
Venezuela,VE,VEN,-66.16404551,7.161300513
Vietnam,VN,VNM,106.2857829,16.66143496
Vanuatu,VU,VUT,166.9063805,-15.22464661
West Bank,PS,PSE,35.27299125,31.93596669
Yemen,YE,YEM,47.52900074,15.91120171
South Africa,ZA,ZAF,25.11731529,-28.96346537
Zambia,ZM,ZMB,27.72529887,-13.39500068
Zimbabwe,ZW,ZWE,29.79102241,-18.90653189
