cell_id,grid_x,grid_y,week,long,lat,cases,cummulative_deaths
00_05,0,5,10,-0.4655923859742011,51.47684167294956,0,0
00_05,0,5,11,-0.4655923859742011,51.47684167294956,0,0
00_05,0,5,12,-0.4655923859742011,51.47684167294956,0,0
00_05,0,5,13,-0.4655923859742011,51.47684167294956,0,0
00_05,0,5,14,-0.4655923859742011,51.47684167294956,0,0
00_05,0,5,15,-0.4655923859742011,51.47684167294956,4,4
00_05,0,5,16,-0.4655923859742011,51.47684167294956,4,8
00_05,0,5,17,-0.4655923859742011,51.47684167294956,3,11
00_05,0,5,18,-0.4655923859742011,51.47684167294956,0,11
00_05,0,5,19,-0.4655923859742011,51.47684167294956,0,11
00_05,0,5,20,-0.4655923859742011,51.47684167294956,0,11
00_05,0,5,21,-0.4655923859742011,51.47684167294956,0,11
00_05,0,5,22,-0.4655923859742011,51.47684167294956,0,11
00_05,0,5,23,-0.4655923859742011,51.47684167294956,0,11
00_05,0,5,24,-0.4655923859742011,51.47684167294956,0,11
00_05,0,5,25,-0.4655923859742011,51.47684167294956,0,11
00_05,0,5,26,-0.4655923859742011,51.47684167294956,0,11
00_06,0,6,10,-1.8617905710490794,206.04158759287185,0,0
00_06,0,6,11,-1.8617905710490794,206.04158759287185,0,0
00_06,0,6,12,-1.8617905710490794,206.04158759287185,3,3
00_06,0,6,13,-1.8617905710490794,206.04158759287185,13,16
00_06,0,6,14,-1.8617905710490794,206.04158759287185,20,36
00_06,0,6,15,-1.8617905710490794,206.04158759287185,21,57
00_06,0,6,16,-1.8617905710490794,206.04158759287185,23,80
00_06,0,6,17,-1.8617905710490794,206.04158759287185,20,100
00_06,0,6,18,-1.8617905710490794,206.04158759287185,3,103
00_06,0,6,19,-1.8617905710490794,206.04158759287185,0,103
00_06,0,6,20,-1.8617905710490794,206.04158759287185,3,106
00_06,0,6,21,-1.8617905710490794,206.04158759287185,0,106
00_06,0,6,22,-1.8617905710490794,206.04158759287185,3,109
00_06,0,6,23,-1.8617905710490794,206.04158759287185,0,109
00_06,0,6,24,-1.8617905710490794,206.04158759287185,0,109
00_06,0,6,25,-1.8617905710490794,206.04158759287185,0,109
00_06,0,6,26,-1.8617905710490794,206.04158759287185,0,109
00_07,0,7,10,-2.3307575420263826,257.7354957322616,0,0
00_07,0,7,11,-2.3307575420263826,257.7354957322616,0,0
00_07,0,7,12,-2.3307575420263826,257.7354957322616,0,0
00_07,0,7,13,-2.3307575420263826,257.7354957322616,7,7
00_07,0,7,14,-2.3307575420263826,257.7354957322616,28,35
00_07,0,7,15,-2.3307575420263826,257.7354957322616,13,48
00_07,0,7,16,-2.3307575420263826,257.7354957322616,17,65
00_07,0,7,17,-2.3307575420263826,257.7354957322616,17,82
00_07,0,7,18,-2.3307575420263826,257.7354957322616,4,86
00_07,0,7,19,-2.3307575420263826,257.7354957322616,0,86
00_07,0,7,20,-2.3307575420263826,257.7354957322616,0,86
00_07,0,7,21,-2.3307575420263826,257.7354957322616,0,86
00_07,0,7,22,-2.3307575420263826,257.7354957322616,0,86
00_07,0,7,23,-2.3307575420263826,257.7354957322616,0,86
00_07,0,7,24,-2.3307575420263826,257.7354957322616,0,86
00_07,0,7,25,-2.3307575420263826,257.7354957322616,0,86
00_07,0,7,26,-2.3307575420263826,257.7354957322616,0,86
00_08,0,8,10,-0.4762426504426024,51.59847282664704,0,0
00_08,0,8,11,-0.4762426504426024,51.59847282664704,0,0
00_08,0,8,12,-0.4762426504426024,51.59847282664704,0,0
00_08,0,8,13,-0.4762426504426024,51.59847282664704,7,7
00_08,0,8,14,-0.4762426504426024,51.59847282664704,11,18
00_08,0,8,15,-0.4762426504426024,51.59847282664704,12,30
00_08,0,8,16,-0.4762426504426024,51.59847282664704,5,35
00_08,0,8,17,-0.4762426504426024,51.59847282664704,7,42
00_08,0,8,18,-0.4762426504426024,51.59847282664704,4,46
00_08,0,8,19,-0.4762426504426024,51.59847282664704,0,46
00_08,0,8,20,-0.4762426504426024,51.59847282664704,0,46
00_08,0,8,21,-0.4762426504426024,51.59847282664704,0,46
00_08,0,8,22,-0.4762426504426024,51.59847282664704,0,46
00_08,0,8,23,-0.4762426504426024,51.59847282664704,0,46
00_08,0,8,24,-0.4762426504426024,51.59847282664704,0,46
00_08,0,8,25,-0.4762426504426024,51.59847282664704,0,46
00_08,0,8,26,-0.4762426504426024,51.59847282664704,0,46
01_04,1,4,10,-0.3986147833604811,51.42941735511721,0,0
01_04,1,4,11,-0.3986147833604811,51.42941735511721,0,0
01_04,1,4,12,-0.3986147833604811,51.42941735511721,0,0
01_04,1,4,13,-0.3986147833604811,51.42941735511721,3,3
01_04,1,4,14,-0.3986147833604811,51.42941735511721,3,6
01_04,1,4,15,-0.3986147833604811,51.42941735511721,4,10
01_04,1,4,16,-0.3986147833604811,51.42941735511721,4,14
01_04,1,4,17,-0.3986147833604811,51.42941735511721,3,17
01_04,1,4,18,-0.3986147833604811,51.42941735511721,0,17
01_04,1,4,19,-0.3986147833604811,51.42941735511721,3,20
01_04,1,4,20,-0.3986147833604811,51.42941735511721,3,23
01_04,1,4,21,-0.3986147833604811,51.42941735511721,0,23
01_04,1,4,22,-0.3986147833604811,51.42941735511721,0,23
01_04,1,4,23,-0.3986147833604811,51.42941735511721,0,23
01_04,1,4,24,-0.3986147833604811,51.42941735511721,0,23
01_04,1,4,25,-0.3986147833604811,51.42941735511721,0,23
01_04,1,4,26,-0.3986147833604811,51.42941735511721,0,23
01_05,1,5,10,-3.2928919006633097,411.6215819834096,0,0
01_05,1,5,11,-3.2928919006633097,411.6215819834096,0,0
01_05,1,5,12,-3.2928919006633097,411.6215819834096,10,10
01_05,1,5,13,-3.2928919006633097,411.6215819834096,30,40
01_05,1,5,14,-3.2928919006633097,411.6215819834096,54,94
01_05,1,5,15,-3.2928919006633097,411.6215819834096,24,118
01_05,1,5,16,-3.2928919006633097,411.6215819834096,37,155
01_05,1,5,17,-3.2928919006633097,411.6215819834096,33,188
01_05,1,5,18,-3.2928919006633097,411.6215819834096,37,225
01_05,1,5,19,-3.2928919006633097,411.6215819834096,12,237
01_05,1,5,20,-3.2928919006633097,411.6215819834096,10,247
01_05,1,5,21,-3.2928919006633097,411.6215819834096,0,247
01_05,1,5,22,-3.2928919006633097,411.6215819834096,0,247
01_05,1,5,23,-3.2928919006633097,411.6215819834096,0,247
01_05,1,5,24,-3.2928919006633097,411.6215819834096,3,250
01_05,1,5,25,-3.2928919006633097,411.6215819834096,0,250
01_05,1,5,26,-3.2928919006633097,411.6215819834096,0,250
01_06,1,6,10,-4.071975673420432,515.0312067810928,0,0
01_06,1,6,11,-4.071975673420432,515.0312067810928,0,0
01_06,1,6,12,-4.071975673420432,515.0312067810928,30,30
01_06,1,6,13,-4.071975673420432,515.0312067810928,37,67
01_06,1,6,14,-4.071975673420432,515.0312067810928,75,142
01_06,1,6,15,-4.071975673420432,515.0312067810928,75,217
01_06,1,6,16,-4.071975673420432,515.0312067810928,42,259
01_06,1,6,17,-4.071975673420432,515.0312067810928,41,300
01_06,1,6,18,-4.071975673420432,515.0312067810928,40,340
01_06,1,6,19,-4.071975673420432,515.0312067810928,22,362
01_06,1,6,20,-4.071975673420432,515.0312067810928,5,367
01_06,1,6,21,-4.071975673420432,515.0312067810928,4,371
01_06,1,6,22,-4.071975673420432,515.0312067810928,4,375
01_06,1,6,23,-4.071975673420432,515.0312067810928,0,375
01_06,1,6,24,-4.071975673420432,515.0312067810928,3,378
01_06,1,6,25,-4.071975673420432,515.0312067810928,0,378
01_06,1,6,26,-4.071975673420432,515.0312067810928,0,378
01_07,1,7,10,-3.350091759079606,412.3240089747893,0,0
01_07,1,7,11,-3.350091759079606,412.3240089747893,0,0
01_07,1,7,12,-3.350091759079606,412.3240089747893,25,25
01_07,1,7,13,-3.350091759079606,412.3240089747893,35,60
01_07,1,7,14,-3.350091759079606,412.3240089747893,41,101
01_07,1,7,15,-3.350091759079606,412.3240089747893,47,148
01_07,1,7,16,-3.350091759079606,412.3240089747893,49,197
01_07,1,7,17,-3.350091759079606,412.3240089747893,12,209
01_07,1,7,18,-3.350091759079606,412.3240089747893,28,237
01_07,1,7,19,-3.350091759079606,412.3240089747893,4,241
01_07,1,7,20,-3.350091759079606,412.3240089747893,4,245
01_07,1,7,21,-3.350091759079606,412.3240089747893,6,251
01_07,1,7,22,-3.350091759079606,412.3240089747893,0,251
01_07,1,7,23,-3.350091759079606,412.3240089747893,0,251
01_07,1,7,24,-3.350091759079606,412.3240089747893,0,251
01_07,1,7,25,-3.350091759079606,412.3240089747893,0,251
01_07,1,7,26,-3.350091759079606,412.3240089747893,0,251
01_08,1,8,10,-3.315738972757736,412.7222553017201,0,0
01_08,1,8,11,-3.315738972757736,412.7222553017201,0,0
01_08,1,8,12,-3.315738972757736,412.7222553017201,20,20
01_08,1,8,13,-3.315738972757736,412.7222553017201,31,51
01_08,1,8,14,-3.315738972757736,412.7222553017201,26,77
01_08,1,8,15,-3.315738972757736,412.7222553017201,20,97
01_08,1,8,16,-3.315738972757736,412.7222553017201,23,120
01_08,1,8,17,-3.315738972757736,412.7222553017201,9,129
01_08,1,8,18,-3.315738972757736,412.7222553017201,11,140
01_08,1,8,19,-3.315738972757736,412.7222553017201,8,148
01_08,1,8,20,-3.315738972757736,412.7222553017201,4,152
01_08,1,8,21,-3.315738972757736,412.7222553017201,4,156
01_08,1,8,22,-3.315738972757736,412.7222553017201,4,160
01_08,1,8,23,-3.315738972757736,412.7222553017201,0,160
01_08,1,8,24,-3.315738972757736,412.7222553017201,0,160
01_08,1,8,25,-3.315738972757736,412.7222553017201,0,160
01_08,1,8,26,-3.315738972757736,412.7222553017201,0,160
02_04,2,4,10,-1.415013886707313,205.68289733323058,0,0
02_04,2,4,11,-1.415013886707313,205.68289733323058,0,0
02_04,2,4,12,-1.415013886707313,205.68289733323058,0,0
02_04,2,4,13,-1.415013886707313,205.68289733323058,10,10
02_04,2,4,14,-1.415013886707313,205.68289733323058,10,20
02_04,2,4,15,-1.415013886707313,205.68289733323058,11,31
02_04,2,4,16,-1.415013886707313,205.68289733323058,15,46
02_04,2,4,17,-1.415013886707313,205.68289733323058,5,51
02_04,2,4,18,-1.415013886707313,205.68289733323058,20,71
02_04,2,4,19,-1.415013886707313,205.68289733323058,0,71
02_04,2,4,20,-1.415013886707313,205.68289733323058,4,75
02_04,2,4,21,-1.415013886707313,205.68289733323058,0,75
02_04,2,4,22,-1.415013886707313,205.68289733323058,0,75
02_04,2,4,23,-1.415013886707313,205.68289733323058,3,78
02_04,2,4,24,-1.415013886707313,205.68289733323058,0,78
02_04,2,4,25,-1.415013886707313,205.68289733323058,0,78
02_04,2,4,26,-1.415013886707313,205.68289733323058,0,78
02_05,2,5,10,-4.92187441877929,720.3739409111176,0,0
02_05,2,5,11,-4.92187441877929,720.3739409111176,9,9
02_05,2,5,12,-4.92187441877929,720.3739409111176,30,39
02_05,2,5,13,-4.92187441877929,720.3739409111176,63,102
02_05,2,5,14,-4.92187441877929,720.3739409111176,69,171
02_05,2,5,15,-4.92187441877929,720.3739409111176,55,226
02_05,2,5,16,-4.92187441877929,720.3739409111176,48,274
02_05,2,5,17,-4.92187441877929,720.3739409111176,41,315
02_05,2,5,18,-4.92187441877929,720.3739409111176,39,354
02_05,2,5,19,-4.92187441877929,720.3739409111176,15,369
02_05,2,5,20,-4.92187441877929,720.3739409111176,5,374
02_05,2,5,21,-4.92187441877929,720.3739409111176,4,378
02_05,2,5,22,-4.92187441877929,720.3739409111176,3,381
02_05,2,5,23,-4.92187441877929,720.3739409111176,3,384
02_05,2,5,24,-4.92187441877929,720.3739409111176,0,384
02_05,2,5,25,-4.92187441877929,720.3739409111176,3,387
02_05,2,5,26,-4.92187441877929,720.3739409111176,0,387
02_06,2,6,10,-3.602770005049377,514.9987933566629,0,0
02_06,2,6,11,-3.602770005049377,514.9987933566629,0,0
02_06,2,6,12,-3.602770005049377,514.9987933566629,21,21
02_06,2,6,13,-3.602770005049377,514.9987933566629,54,75
02_06,2,6,14,-3.602770005049377,514.9987933566629,67,142
02_06,2,6,15,-3.602770005049377,514.9987933566629,67,209
02_06,2,6,16,-3.602770005049377,514.9987933566629,61,270
02_06,2,6,17,-3.602770005049377,514.9987933566629,45,315
02_06,2,6,18,-3.602770005049377,514.9987933566629,33,348
02_06,2,6,19,-3.602770005049377,514.9987933566629,17,365
02_06,2,6,20,-3.602770005049377,514.9987933566629,12,377
02_06,2,6,21,-3.602770005049377,514.9987933566629,4,381
02_06,2,6,22,-3.602770005049377,514.9987933566629,0,381
02_06,2,6,23,-3.602770005049377,514.9987933566629,3,384
02_06,2,6,24,-3.602770005049377,514.9987933566629,0,384
02_06,2,6,25,-3.602770005049377,514.9987933566629,3,387
02_06,2,6,26,-3.602770005049377,514.9987933566629,8,395
02_07,2,7,10,-5.0283747874698665,721.6635604453897,0,0
02_07,2,7,11,-5.0283747874698665,721.6635604453897,6,6
02_07,2,7,12,-5.0283747874698665,721.6635604453897,27,33
02_07,2,7,13,-5.0283747874698665,721.6635604453897,54,87
02_07,2,7,14,-5.0283747874698665,721.6635604453897,64,151
02_07,2,7,15,-5.0283747874698665,721.6635604453897,69,220
02_07,2,7,16,-5.0283747874698665,721.6635604453897,80,300
02_07,2,7,17,-5.0283747874698665,721.6635604453897,54,354
02_07,2,7,18,-5.0283747874698665,721.6635604453897,33,387
02_07,2,7,19,-5.0283747874698665,721.6635604453897,20,407
02_07,2,7,20,-5.0283747874698665,721.6635604453897,27,434
02_07,2,7,21,-5.0283747874698665,721.6635604453897,8,442
02_07,2,7,22,-5.0283747874698665,721.6635604453897,0,442
02_07,2,7,23,-5.0283747874698665,721.6635604453897,10,452
02_07,2,7,24,-5.0283747874698665,721.6635604453897,0,452
02_07,2,7,25,-5.0283747874698665,721.6635604453897,0,452
02_07,2,7,26,-5.0283747874698665,721.6635604453897,3,455
02_08,2,8,10,-4.279765285420998,619.0880196476019,0,0
02_08,2,8,11,-4.279765285420998,619.0880196476019,9,9
02_08,2,8,12,-4.279765285420998,619.0880196476019,23,32
02_08,2,8,13,-4.279765285420998,619.0880196476019,87,119
02_08,2,8,14,-4.279765285420998,619.0880196476019,59,178
02_08,2,8,15,-4.279765285420998,619.0880196476019,60,238
02_08,2,8,16,-4.279765285420998,619.0880196476019,54,292
02_08,2,8,17,-4.279765285420998,619.0880196476019,50,342
02_08,2,8,18,-4.279765285420998,619.0880196476019,66,408
02_08,2,8,19,-4.279765285420998,619.0880196476019,24,432
02_08,2,8,20,-4.279765285420998,619.0880196476019,9,441
02_08,2,8,21,-4.279765285420998,619.0880196476019,0,441
02_08,2,8,22,-4.279765285420998,619.0880196476019,3,444
02_08,2,8,23,-4.279765285420998,619.0880196476019,0,444
02_08,2,8,24,-4.279765285420998,619.0880196476019,3,447
02_08,2,8,25,-4.279765285420998,619.0880196476019,0,447
02_08,2,8,26,-4.279765285420998,619.0880196476019,0,447
02_09,2,9,10,-0.35945308771339884,51.61649475823407,0,0
02_09,2,9,11,-0.35945308771339884,51.61649475823407,0,0
02_09,2,9,12,-0.35945308771339884,51.61649475823407,3,3
02_09,2,9,13,-0.35945308771339884,51.61649475823407,0,3
02_09,2,9,14,-0.35945308771339884,51.61649475823407,4,7
02_09,2,9,15,-0.35945308771339884,51.61649475823407,0,7
02_09,2,9,16,-0.35945308771339884,51.61649475823407,4,11
02_09,2,9,17,-0.35945308771339884,51.61649475823407,3,14
02_09,2,9,18,-0.35945308771339884,51.61649475823407,0,14
02_09,2,9,19,-0.35945308771339884,51.61649475823407,0,14
02_09,2,9,20,-0.35945308771339884,51.61649475823407,0,14
02_09,2,9,21,-0.35945308771339884,51.61649475823407,0,14
02_09,2,9,22,-0.35945308771339884,51.61649475823407,3,17
02_09,2,9,23,-0.35945308771339884,51.61649475823407,0,17
02_09,2,9,24,-0.35945308771339884,51.61649475823407,0,17
02_09,2,9,25,-0.35945308771339884,51.61649475823407,0,17
02_09,2,9,26,-0.35945308771339884,51.61649475823407,0,17
03_03,3,3,10,-1.4910349950871755,256.8372703213457,0,0
03_03,3,3,11,-1.4910349950871755,256.8372703213457,0,0
03_03,3,3,12,-1.4910349950871755,256.8372703213457,0,0
03_03,3,3,13,-1.4910349950871755,256.8372703213457,9,9
03_03,3,3,14,-1.4910349950871755,256.8372703213457,19,28
03_03,3,3,15,-1.4910349950871755,256.8372703213457,29,57
03_03,3,3,16,-1.4910349950871755,256.8372703213457,38,95
03_03,3,3,17,-1.4910349950871755,256.8372703213457,15,110
03_03,3,3,18,-1.4910349950871755,256.8372703213457,15,125
03_03,3,3,19,-1.4910349950871755,256.8372703213457,10,135
03_03,3,3,20,-1.4910349950871755,256.8372703213457,0,135
03_03,3,3,21,-1.4910349950871755,256.8372703213457,0,135
03_03,3,3,22,-1.4910349950871755,256.8372703213457,0,135
03_03,3,3,23,-1.4910349950871755,256.8372703213457,0,135
03_03,3,3,24,-1.4910349950871755,256.8372703213457,0,135
03_03,3,3,25,-1.4910349950871755,256.8372703213457,0,135
03_03,3,3,26,-1.4910349950871755,256.8372703213457,0,135
03_04,3,4,10,-3.2474467549463513,565.4643208523515,0,0
03_04,3,4,11,-3.2474467549463513,565.4643208523515,0,0
03_04,3,4,12,-3.2474467549463513,565.4643208523515,4,4
03_04,3,4,13,-3.2474467549463513,565.4643208523515,59,63
03_04,3,4,14,-3.2474467549463513,565.4643208523515,47,110
03_04,3,4,15,-3.2474467549463513,565.4643208523515,40,150
03_04,3,4,16,-3.2474467549463513,565.4643208523515,55,205
03_04,3,4,17,-3.2474467549463513,565.4643208523515,21,226
03_04,3,4,18,-3.2474467549463513,565.4643208523515,30,256
03_04,3,4,19,-3.2474467549463513,565.4643208523515,5,261
03_04,3,4,20,-3.2474467549463513,565.4643208523515,12,273
03_04,3,4,21,-3.2474467549463513,565.4643208523515,6,279
03_04,3,4,22,-3.2474467549463513,565.4643208523515,0,279
03_04,3,4,23,-3.2474467549463513,565.4643208523515,3,282
03_04,3,4,24,-3.2474467549463513,565.4643208523515,0,282
03_04,3,4,25,-3.2474467549463513,565.4643208523515,0,282
03_04,3,4,26,-3.2474467549463513,565.4643208523515,0,282
03_05,3,5,10,-2.40501763510136,411.6490902717715,0,0
03_05,3,5,11,-2.40501763510136,411.6490902717715,0,0
03_05,3,5,12,-2.40501763510136,411.6490902717715,11,11
03_05,3,5,13,-2.40501763510136,411.6490902717715,20,31
03_05,3,5,14,-2.40501763510136,411.6490902717715,24,55
03_05,3,5,15,-2.40501763510136,411.6490902717715,16,71
03_05,3,5,16,-2.40501763510136,411.6490902717715,14,85
03_05,3,5,17,-2.40501763510136,411.6490902717715,0,85
03_05,3,5,18,-2.40501763510136,411.6490902717715,8,93
03_05,3,5,19,-2.40501763510136,411.6490902717715,3,96
03_05,3,5,20,-2.40501763510136,411.6490902717715,0,96
03_05,3,5,21,-2.40501763510136,411.6490902717715,0,96
03_05,3,5,22,-2.40501763510136,411.6490902717715,0,96
03_05,3,5,23,-2.40501763510136,411.6490902717715,0,96
03_05,3,5,24,-2.40501763510136,411.6490902717715,0,96
03_05,3,5,25,-2.40501763510136,411.6490902717715,0,96
03_05,3,5,26,-2.40501763510136,411.6490902717715,0,96
03_06,3,6,10,-4.232730577403891,721.0613626000288,0,0
03_06,3,6,11,-4.232730577403891,721.0613626000288,3,3
03_06,3,6,12,-4.232730577403891,721.0613626000288,14,17
03_06,3,6,13,-4.232730577403891,721.0613626000288,56,73
03_06,3,6,14,-4.232730577403891,721.0613626000288,61,134
03_06,3,6,15,-4.232730577403891,721.0613626000288,50,184
03_06,3,6,16,-4.232730577403891,721.0613626000288,37,221
03_06,3,6,17,-4.232730577403891,721.0613626000288,15,236
03_06,3,6,18,-4.232730577403891,721.0613626000288,15,251
03_06,3,6,19,-4.232730577403891,721.0613626000288,11,262
03_06,3,6,20,-4.232730577403891,721.0613626000288,14,276
03_06,3,6,21,-4.232730577403891,721.0613626000288,0,276
03_06,3,6,22,-4.232730577403891,721.0613626000288,0,276
03_06,3,6,23,-4.232730577403891,721.0613626000288,6,282
03_06,3,6,24,-4.232730577403891,721.0613626000288,0,282
03_06,3,6,25,-4.232730577403891,721.0613626000288,0,282
03_06,3,6,26,-4.232730577403891,721.0613626000288,0,282
03_07,3,7,10,-3.94924758553592,670.1008215491687,0,0
03_07,3,7,11,-3.94924758553592,670.1008215491687,6,6
03_07,3,7,12,-3.94924758553592,670.1008215491687,45,51
03_07,3,7,13,-3.94924758553592,670.1008215491687,98,149
03_07,3,7,14,-3.94924758553592,670.1008215491687,123,272
03_07,3,7,15,-3.94924758553592,670.1008215491687,78,350
03_07,3,7,16,-3.94924758553592,670.1008215491687,83,433
03_07,3,7,17,-3.94924758553592,670.1008215491687,30,463
03_07,3,7,18,-3.94924758553592,670.1008215491687,32,495
03_07,3,7,19,-3.94924758553592,670.1008215491687,10,505
03_07,3,7,20,-3.94924758553592,670.1008215491687,0,505
03_07,3,7,21,-3.94924758553592,670.1008215491687,10,515
03_07,3,7,22,-3.94924758553592,670.1008215491687,0,515
03_07,3,7,23,-3.94924758553592,670.1008215491687,0,515
03_07,3,7,24,-3.94924758553592,670.1008215491687,3,518
03_07,3,7,25,-3.94924758553592,670.1008215491687,4,522
03_07,3,7,26,-3.94924758553592,670.1008215491687,0,522
03_08,3,8,10,-4.18084937787226,722.2897896196275,0,0
03_08,3,8,11,-4.18084937787226,722.2897896196275,6,6
03_08,3,8,12,-4.18084937787226,722.2897896196275,48,54
03_08,3,8,13,-4.18084937787226,722.2897896196275,105,159
03_08,3,8,14,-4.18084937787226,722.2897896196275,104,263
03_08,3,8,15,-4.18084937787226,722.2897896196275,97,360
03_08,3,8,16,-4.18084937787226,722.2897896196275,68,428
03_08,3,8,17,-4.18084937787226,722.2897896196275,67,495
03_08,3,8,18,-4.18084937787226,722.2897896196275,29,524
03_08,3,8,19,-4.18084937787226,722.2897896196275,41,565
03_08,3,8,20,-4.18084937787226,722.2897896196275,13,578
03_08,3,8,21,-4.18084937787226,722.2897896196275,9,587
03_08,3,8,22,-4.18084937787226,722.2897896196275,5,592
03_08,3,8,23,-4.18084937787226,722.2897896196275,3,595
03_08,3,8,24,-4.18084937787226,722.2897896196275,6,601
03_08,3,8,25,-4.18084937787226,722.2897896196275,0,601
03_08,3,8,26,-4.18084937787226,722.2897896196275,0,601
03_09,3,9,10,-0.6024552609018325,103.2547583363775,0,0
03_09,3,9,11,-0.6024552609018325,103.2547583363775,3,3
03_09,3,9,12,-0.6024552609018325,103.2547583363775,12,15
03_09,3,9,13,-0.6024552609018325,103.2547583363775,18,33
03_09,3,9,14,-0.6024552609018325,103.2547583363775,15,48
03_09,3,9,15,-0.6024552609018325,103.2547583363775,10,58
03_09,3,9,16,-0.6024552609018325,103.2547583363775,10,68
03_09,3,9,17,-0.6024552609018325,103.2547583363775,3,71
03_09,3,9,18,-0.6024552609018325,103.2547583363775,0,71
03_09,3,9,19,-0.6024552609018325,103.2547583363775,0,71
03_09,3,9,20,-0.6024552609018325,103.2547583363775,0,71
03_09,3,9,21,-0.6024552609018325,103.2547583363775,0,71
03_09,3,9,22,-0.6024552609018325,103.2547583363775,0,71
03_09,3,9,23,-0.6024552609018325,103.2547583363775,0,71
03_09,3,9,24,-0.6024552609018325,103.2547583363775,0,71
03_09,3,9,25,-0.6024552609018325,103.2547583363775,0,71
03_09,3,9,26,-0.6024552609018325,103.2547583363775,0,71
04_03,4,3,10,-0.9067135212513158,205.48385833799694,0,0
04_03,4,3,11,-0.9067135212513158,205.48385833799694,0,0
04_03,4,3,12,-0.9067135212513158,205.48385833799694,10,10
04_03,4,3,13,-0.9067135212513158,205.48385833799694,20,30
04_03,4,3,14,-0.9067135212513158,205.48385833799694,10,40
04_03,4,3,15,-0.9067135212513158,205.48385833799694,7,47
04_03,4,3,16,-0.9067135212513158,205.48385833799694,11,58
04_03,4,3,17,-0.9067135212513158,205.48385833799694,13,71
04_03,4,3,18,-0.9067135212513158,205.48385833799694,13,84
04_03,4,3,19,-0.9067135212513158,205.48385833799694,0,84
04_03,4,3,20,-0.9067135212513158,205.48385833799694,0,84
04_03,4,3,21,-0.9067135212513158,205.48385833799694,3,87
04_03,4,3,22,-0.9067135212513158,205.48385833799694,0,87
04_03,4,3,23,-0.9067135212513158,205.48385833799694,0,87
04_03,4,3,24,-0.9067135212513158,205.48385833799694,0,87
04_03,4,3,25,-0.9067135212513158,205.48385833799694,0,87
04_03,4,3,26,-0.9067135212513158,205.48385833799694,0,87
04_04,4,4,10,-2.448520439277837,514.0368647895427,0,0
04_04,4,4,11,-2.448520439277837,514.0368647895427,0,0
04_04,4,4,12,-2.448520439277837,514.0368647895427,5,5
04_04,4,4,13,-2.448520439277837,514.0368647895427,39,44
04_04,4,4,14,-2.448520439277837,514.0368647895427,55,99
04_04,4,4,15,-2.448520439277837,514.0368647895427,58,157
04_04,4,4,16,-2.448520439277837,514.0368647895427,51,208
04_04,4,4,17,-2.448520439277837,514.0368647895427,50,258
04_04,4,4,18,-2.448520439277837,514.0368647895427,30,288
04_04,4,4,19,-2.448520439277837,514.0368647895427,8,296
04_04,4,4,20,-2.448520439277837,514.0368647895427,25,321
04_04,4,4,21,-2.448520439277837,514.0368647895427,8,329
04_04,4,4,22,-2.448520439277837,514.0368647895427,3,332
04_04,4,4,23,-2.448520439277837,514.0368647895427,0,332
04_04,4,4,24,-2.448520439277837,514.0368647895427,0,332
04_04,4,4,25,-2.448520439277837,514.0368647895427,0,332
04_04,4,4,26,-2.448520439277837,514.0368647895427,0,332
04_05,4,5,10,-1.6934367222661577,360.21443078623344,0,0
04_05,4,5,11,-1.6934367222661577,360.21443078623344,3,3
04_05,4,5,12,-1.6934367222661577,360.21443078623344,3,6
04_05,4,5,13,-1.6934367222661577,360.21443078623344,35,41
04_05,4,5,14,-1.6934367222661577,360.21443078623344,28,69
04_05,4,5,15,-1.6934367222661577,360.21443078623344,20,89
04_05,4,5,16,-1.6934367222661577,360.21443078623344,5,94
04_05,4,5,17,-1.6934367222661577,360.21443078623344,12,106
04_05,4,5,18,-1.6934367222661577,360.21443078623344,11,117
04_05,4,5,19,-1.6934367222661577,360.21443078623344,3,120
04_05,4,5,20,-1.6934367222661577,360.21443078623344,3,123
04_05,4,5,21,-1.6934367222661577,360.21443078623344,0,123
04_05,4,5,22,-1.6934367222661577,360.21443078623344,3,126
04_05,4,5,23,-1.6934367222661577,360.21443078623344,0,126
04_05,4,5,24,-1.6934367222661577,360.21443078623344,0,126
04_05,4,5,25,-1.6934367222661577,360.21443078623344,0,126
04_05,4,5,26,-1.6934367222661577,360.21443078623344,3,129
04_06,4,6,10,-4.98042893759967,1081.5413968751059,0,0
04_06,4,6,11,-4.98042893759967,1081.5413968751059,10,10
04_06,4,6,12,-4.98042893759967,1081.5413968751059,33,43
04_06,4,6,13,-4.98042893759967,1081.5413968751059,74,117
04_06,4,6,14,-4.98042893759967,1081.5413968751059,88,205
04_06,4,6,15,-4.98042893759967,1081.5413968751059,98,303
04_06,4,6,16,-4.98042893759967,1081.5413968751059,92,395
04_06,4,6,17,-4.98042893759967,1081.5413968751059,56,451
04_06,4,6,18,-4.98042893759967,1081.5413968751059,27,478
04_06,4,6,19,-4.98042893759967,1081.5413968751059,9,487
04_06,4,6,20,-4.98042893759967,1081.5413968751059,7,494
04_06,4,6,21,-4.98042893759967,1081.5413968751059,0,494
04_06,4,6,22,-4.98042893759967,1081.5413968751059,0,494
04_06,4,6,23,-4.98042893759967,1081.5413968751059,0,494
04_06,4,6,24,-4.98042893759967,1081.5413968751059,0,494
04_06,4,6,25,-4.98042893759967,1081.5413968751059,0,494
04_06,4,6,26,-4.98042893759967,1081.5413968751059,0,494
04_07,4,7,10,-3.664994444740307,773.2231276460545,0,0
04_07,4,7,11,-3.664994444740307,773.2231276460545,8,8
04_07,4,7,12,-3.664994444740307,773.2231276460545,62,70
04_07,4,7,13,-3.664994444740307,773.2231276460545,142,212
04_07,4,7,14,-3.664994444740307,773.2231276460545,170,382
04_07,4,7,15,-3.664994444740307,773.2231276460545,98,480
04_07,4,7,16,-3.664994444740307,773.2231276460545,92,572
04_07,4,7,17,-3.664994444740307,773.2231276460545,46,618
04_07,4,7,18,-3.664994444740307,773.2231276460545,41,659
04_07,4,7,19,-3.664994444740307,773.2231276460545,4,663
04_07,4,7,20,-3.664994444740307,773.2231276460545,3,666
04_07,4,7,21,-3.664994444740307,773.2231276460545,10,676
04_07,4,7,22,-3.664994444740307,773.2231276460545,5,681
04_07,4,7,23,-3.664994444740307,773.2231276460545,4,685
04_07,4,7,24,-3.664994444740307,773.2231276460545,0,685
04_07,4,7,25,-3.664994444740307,773.2231276460545,0,685
04_07,4,7,26,-3.664994444740307,773.2231276460545,0,685
04_08,4,8,10,-3.4045564493234255,722.3165336852292,0,0
04_08,4,8,11,-3.4045564493234255,722.3165336852292,3,3
04_08,4,8,12,-3.4045564493234255,722.3165336852292,50,53
04_08,4,8,13,-3.4045564493234255,722.3165336852292,91,144
04_08,4,8,14,-3.4045564493234255,722.3165336852292,112,256
04_08,4,8,15,-3.4045564493234255,722.3165336852292,68,324
04_08,4,8,16,-3.4045564493234255,722.3165336852292,49,373
04_08,4,8,17,-3.4045564493234255,722.3165336852292,42,415
04_08,4,8,18,-3.4045564493234255,722.3165336852292,36,451
04_08,4,8,19,-3.4045564493234255,722.3165336852292,22,473
04_08,4,8,20,-3.4045564493234255,722.3165336852292,19,492
04_08,4,8,21,-3.4045564493234255,722.3165336852292,0,492
04_08,4,8,22,-3.4045564493234255,722.3165336852292,0,492
04_08,4,8,23,-3.4045564493234255,722.3165336852292,0,492
04_08,4,8,24,-3.4045564493234255,722.3165336852292,0,492
04_08,4,8,25,-3.4045564493234255,722.3165336852292,0,492
04_08,4,8,26,-3.4045564493234255,722.3165336852292,0,492
04_09,4,9,10,-0.7088273110299517,154.87871597782063,0,0
04_09,4,9,11,-0.7088273110299517,154.87871597782063,0,0
04_09,4,9,12,-0.7088273110299517,154.87871597782063,3,3
04_09,4,9,13,-0.7088273110299517,154.87871597782063,20,23
04_09,4,9,14,-0.7088273110299517,154.87871597782063,27,50
04_09,4,9,15,-0.7088273110299517,154.87871597782063,25,75
04_09,4,9,16,-0.7088273110299517,154.87871597782063,13,88
04_09,4,9,17,-0.7088273110299517,154.87871597782063,8,96
04_09,4,9,18,-0.7088273110299517,154.87871597782063,3,99
04_09,4,9,19,-0.7088273110299517,154.87871597782063,6,105
04_09,4,9,20,-0.7088273110299517,154.87871597782063,5,110
04_09,4,9,21,-0.7088273110299517,154.87871597782063,0,110
04_09,4,9,22,-0.7088273110299517,154.87871597782063,0,110
04_09,4,9,23,-0.7088273110299517,154.87871597782063,0,110
04_09,4,9,24,-0.7088273110299517,154.87871597782063,0,110
04_09,4,9,25,-0.7088273110299517,154.87871597782063,0,110
04_09,4,9,26,-0.7088273110299517,154.87871597782063,0,110
05_03,5,3,10,-2.231398936000944,616.4196160944605,0,0
05_03,5,3,11,-2.231398936000944,616.4196160944605,3,3
05_03,5,3,12,-2.231398936000944,616.4196160944605,8,11
05_03,5,3,13,-2.231398936000944,616.4196160944605,52,63
05_03,5,3,14,-2.231398936000944,616.4196160944605,79,142
05_03,5,3,15,-2.231398936000944,616.4196160944605,72,214
05_03,5,3,16,-2.231398936000944,616.4196160944605,103,317
05_03,5,3,17,-2.231398936000944,616.4196160944605,51,368
05_03,5,3,18,-2.231398936000944,616.4196160944605,23,391
05_03,5,3,19,-2.231398936000944,616.4196160944605,7,398
05_03,5,3,20,-2.231398936000944,616.4196160944605,12,410
05_03,5,3,21,-2.231398936000944,616.4196160944605,16,426
05_03,5,3,22,-2.231398936000944,616.4196160944605,7,433
05_03,5,3,23,-2.231398936000944,616.4196160944605,3,436
05_03,5,3,24,-2.231398936000944,616.4196160944605,3,439
05_03,5,3,25,-2.231398936000944,616.4196160944605,0,439
05_03,5,3,26,-2.231398936000944,616.4196160944605,0,439
05_04,5,4,10,-3.3587432811639464,925.3813349618798,0,0
05_04,5,4,11,-3.3587432811639464,925.3813349618798,12,12
05_04,5,4,12,-3.3587432811639464,925.3813349618798,43,55
05_04,5,4,13,-3.3587432811639464,925.3813349618798,110,165
05_04,5,4,14,-3.3587432811639464,925.3813349618798,123,288
05_04,5,4,15,-3.3587432811639464,925.3813349618798,101,389
05_04,5,4,16,-3.3587432811639464,925.3813349618798,68,457
05_04,5,4,17,-3.3587432811639464,925.3813349618798,43,500
05_04,5,4,18,-3.3587432811639464,925.3813349618798,42,542
05_04,5,4,19,-3.3587432811639464,925.3813349618798,24,566
05_04,5,4,20,-3.3587432811639464,925.3813349618798,8,574
05_04,5,4,21,-3.3587432811639464,925.3813349618798,16,590
05_04,5,4,22,-3.3587432811639464,925.3813349618798,0,590
05_04,5,4,23,-3.3587432811639464,925.3813349618798,0,590
05_04,5,4,24,-3.3587432811639464,925.3813349618798,0,590
05_04,5,4,25,-3.3587432811639464,925.3813349618798,0,590
05_04,5,4,26,-3.3587432811639464,925.3813349618798,0,590
05_05,5,5,10,-4.721740613658355,1286.3802998951846,0,0
05_05,5,5,11,-4.721740613658355,1286.3802998951846,15,15
05_05,5,5,12,-4.721740613658355,1286.3802998951846,58,73
05_05,5,5,13,-4.721740613658355,1286.3802998951846,133,206
05_05,5,5,14,-4.721740613658355,1286.3802998951846,141,347
05_05,5,5,15,-4.721740613658355,1286.3802998951846,77,424
05_05,5,5,16,-4.721740613658355,1286.3802998951846,52,476
05_05,5,5,17,-4.721740613658355,1286.3802998951846,10,486
05_05,5,5,18,-4.721740613658355,1286.3802998951846,15,501
05_05,5,5,19,-4.721740613658355,1286.3802998951846,8,509
05_05,5,5,20,-4.721740613658355,1286.3802998951846,0,509
05_05,5,5,21,-4.721740613658355,1286.3802998951846,0,509
05_05,5,5,22,-4.721740613658355,1286.3802998951846,0,509
05_05,5,5,23,-4.721740613658355,1286.3802998951846,0,509
05_05,5,5,24,-4.721740613658355,1286.3802998951846,0,509
05_05,5,5,25,-4.721740613658355,1286.3802998951846,0,509
05_05,5,5,26,-4.721740613658355,1286.3802998951846,4,513
05_06,5,6,10,-6.260655085236843,1699.4343024091222,4,4
05_06,5,6,11,-6.260655085236843,1699.4343024091222,35,39
05_06,5,6,12,-6.260655085236843,1699.4343024091222,58,97
05_06,5,6,13,-6.260655085236843,1699.4343024091222,125,222
05_06,5,6,14,-6.260655085236843,1699.4343024091222,152,374
05_06,5,6,15,-6.260655085236843,1699.4343024091222,105,479
05_06,5,6,16,-6.260655085236843,1699.4343024091222,54,533
05_06,5,6,17,-6.260655085236843,1699.4343024091222,94,627
05_06,5,6,18,-6.260655085236843,1699.4343024091222,29,656
05_06,5,6,19,-6.260655085236843,1699.4343024091222,4,660
05_06,5,6,20,-6.260655085236843,1699.4343024091222,0,660
05_06,5,6,21,-6.260655085236843,1699.4343024091222,3,663
05_06,5,6,22,-6.260655085236843,1699.4343024091222,3,666
05_06,5,6,23,-6.260655085236843,1699.4343024091222,0,666
05_06,5,6,24,-6.260655085236843,1699.4343024091222,0,666
05_06,5,6,25,-6.260655085236843,1699.4343024091222,3,669
05_06,5,6,26,-6.260655085236843,1699.4343024091222,0,669
05_07,5,7,10,-4.932302685080023,1340.0731065374196,0,0
05_07,5,7,11,-4.932302685080023,1340.0731065374196,32,32
05_07,5,7,12,-4.932302685080023,1340.0731065374196,61,93
05_07,5,7,13,-4.932302685080023,1340.0731065374196,146,239
05_07,5,7,14,-4.932302685080023,1340.0731065374196,162,401
05_07,5,7,15,-4.932302685080023,1340.0731065374196,114,515
05_07,5,7,16,-4.932302685080023,1340.0731065374196,76,591
05_07,5,7,17,-4.932302685080023,1340.0731065374196,20,611
05_07,5,7,18,-4.932302685080023,1340.0731065374196,27,638
05_07,5,7,19,-4.932302685080023,1340.0731065374196,6,644
05_07,5,7,20,-4.932302685080023,1340.0731065374196,0,644
05_07,5,7,21,-4.932302685080023,1340.0731065374196,0,644
05_07,5,7,22,-4.932302685080023,1340.0731065374196,0,644
05_07,5,7,23,-4.932302685080023,1340.0731065374196,0,644
05_07,5,7,24,-4.932302685080023,1340.0731065374196,0,644
05_07,5,7,25,-4.932302685080023,1340.0731065374196,4,648
05_07,5,7,26,-4.932302685080023,1340.0731065374196,0,648
05_08,5,8,10,-1.8760218068169405,515.9264976887268,0,0
05_08,5,8,11,-1.8760218068169405,515.9264976887268,7,7
05_08,5,8,12,-1.8760218068169405,515.9264976887268,27,34
05_08,5,8,13,-1.8760218068169405,515.9264976887268,92,126
05_08,5,8,14,-1.8760218068169405,515.9264976887268,51,177
05_08,5,8,15,-1.8760218068169405,515.9264976887268,43,220
05_08,5,8,16,-1.8760218068169405,515.9264976887268,29,249
05_08,5,8,17,-1.8760218068169405,515.9264976887268,15,264
05_08,5,8,18,-1.8760218068169405,515.9264976887268,15,279
05_08,5,8,19,-1.8760218068169405,515.9264976887268,10,289
05_08,5,8,20,-1.8760218068169405,515.9264976887268,6,295
05_08,5,8,21,-1.8760218068169405,515.9264976887268,17,312
05_08,5,8,22,-1.8760218068169405,515.9264976887268,0,312
05_08,5,8,23,-1.8760218068169405,515.9264976887268,0,312
05_08,5,8,24,-1.8760218068169405,515.9264976887268,0,312
05_08,5,8,25,-1.8760218068169405,515.9264976887268,0,312
05_08,5,8,26,-1.8760218068169405,515.9264976887268,0,312
05_09,5,9,10,-1.450306560161684,413.12270065379926,0,0
05_09,5,9,11,-1.450306560161684,413.12270065379926,3,3
05_09,5,9,12,-1.450306560161684,413.12270065379926,13,16
05_09,5,9,13,-1.450306560161684,413.12270065379926,42,58
05_09,5,9,14,-1.450306560161684,413.12270065379926,69,127
05_09,5,9,15,-1.450306560161684,413.12270065379926,62,189
05_09,5,9,16,-1.450306560161684,413.12270065379926,20,209
05_09,5,9,17,-1.450306560161684,413.12270065379926,19,228
05_09,5,9,18,-1.450306560161684,413.12270065379926,21,249
05_09,5,9,19,-1.450306560161684,413.12270065379926,6,255
05_09,5,9,20,-1.450306560161684,413.12270065379926,0,255
05_09,5,9,21,-1.450306560161684,413.12270065379926,3,258
05_09,5,9,22,-1.450306560161684,413.12270065379926,0,258
05_09,5,9,23,-1.450306560161684,413.12270065379926,3,261
05_09,5,9,24,-1.450306560161684,413.12270065379926,0,261
05_09,5,9,25,-1.450306560161684,413.12270065379926,0,261
05_09,5,9,26,-1.450306560161684,413.12270065379926,0,261
06_02,6,2,10,-0.6347407466044319,256.59082500262195,0,0
06_02,6,2,11,-0.6347407466044319,256.59082500262195,0,0
06_02,6,2,12,-0.6347407466044319,256.59082500262195,0,0
06_02,6,2,13,-0.6347407466044319,256.59082500262195,8,8
06_02,6,2,14,-0.6347407466044319,256.59082500262195,28,36
06_02,6,2,15,-0.6347407466044319,256.59082500262195,22,58
06_02,6,2,16,-0.6347407466044319,256.59082500262195,23,81
06_02,6,2,17,-0.6347407466044319,256.59082500262195,23,104
06_02,6,2,18,-0.6347407466044319,256.59082500262195,16,120
06_02,6,2,19,-0.6347407466044319,256.59082500262195,8,128
06_02,6,2,20,-0.6347407466044319,256.59082500262195,3,131
06_02,6,2,21,-0.6347407466044319,256.59082500262195,6,137
06_02,6,2,22,-0.6347407466044319,256.59082500262195,0,137
06_02,6,2,23,-0.6347407466044319,256.59082500262195,0,137
06_02,6,2,24,-0.6347407466044319,256.59082500262195,0,137
06_02,6,2,25,-0.6347407466044319,256.59082500262195,0,137
06_02,6,2,26,-0.6347407466044319,256.59082500262195,0,137
06_03,6,3,10,-1.3292725269016763,513.602784986967,0,0
06_03,6,3,11,-1.3292725269016763,513.602784986967,0,0
06_03,6,3,12,-1.3292725269016763,513.602784986967,17,17
06_03,6,3,13,-1.3292725269016763,513.602784986967,59,76
06_03,6,3,14,-1.3292725269016763,513.602784986967,78,154
06_03,6,3,15,-1.3292725269016763,513.602784986967,77,231
06_03,6,3,16,-1.3292725269016763,513.602784986967,56,287
06_03,6,3,17,-1.3292725269016763,513.602784986967,40,327
06_03,6,3,18,-1.3292725269016763,513.602784986967,38,365
06_03,6,3,19,-1.3292725269016763,513.602784986967,17,382
06_03,6,3,20,-1.3292725269016763,513.602784986967,4,386
06_03,6,3,21,-1.3292725269016763,513.602784986967,4,390
06_03,6,3,22,-1.3292725269016763,513.602784986967,0,390
06_03,6,3,23,-1.3292725269016763,513.602784986967,0,390
06_03,6,3,24,-1.3292725269016763,513.602784986967,0,390
06_03,6,3,25,-1.3292725269016763,513.602784986967,0,390
06_03,6,3,26,-1.3292725269016763,513.602784986967,0,390
06_04,6,4,10,-2.182240876648774,873.9620989252238,0,0
06_04,6,4,11,-2.182240876648774,873.9620989252238,10,10
06_04,6,4,12,-2.182240876648774,873.9620989252238,67,77
06_04,6,4,13,-2.182240876648774,873.9620989252238,109,186
06_04,6,4,14,-2.182240876648774,873.9620989252238,172,358
06_04,6,4,15,-2.182240876648774,873.9620989252238,105,463
06_04,6,4,16,-2.182240876648774,873.9620989252238,80,543
06_04,6,4,17,-2.182240876648774,873.9620989252238,36,579
06_04,6,4,18,-2.182240876648774,873.9620989252238,44,623
06_04,6,4,19,-2.182240876648774,873.9620989252238,3,626
06_04,6,4,20,-2.182240876648774,873.9620989252238,6,632
06_04,6,4,21,-2.182240876648774,873.9620989252238,4,636
06_04,6,4,22,-2.182240876648774,873.9620989252238,6,642
06_04,6,4,23,-2.182240876648774,873.9620989252238,3,645
06_04,6,4,24,-2.182240876648774,873.9620989252238,3,648
06_04,6,4,25,-2.182240876648774,873.9620989252238,3,651
06_04,6,4,26,-2.182240876648774,873.9620989252238,7,658
06_05,6,5,10,-3.682900258386165,1440.7442543113193,0,0
06_05,6,5,11,-3.682900258386165,1440.7442543113193,20,20
06_05,6,5,12,-3.682900258386165,1440.7442543113193,101,121
06_05,6,5,13,-3.682900258386165,1440.7442543113193,158,279
06_05,6,5,14,-3.682900258386165,1440.7442543113193,176,455
06_05,6,5,15,-3.682900258386165,1440.7442543113193,153,608
06_05,6,5,16,-3.682900258386165,1440.7442543113193,69,677
06_05,6,5,17,-3.682900258386165,1440.7442543113193,47,724
06_05,6,5,18,-3.682900258386165,1440.7442543113193,20,744
06_05,6,5,19,-3.682900258386165,1440.7442543113193,3,747
06_05,6,5,20,-3.682900258386165,1440.7442543113193,19,766
06_05,6,5,21,-3.682900258386165,1440.7442543113193,11,777
06_05,6,5,22,-3.682900258386165,1440.7442543113193,0,777
06_05,6,5,23,-3.682900258386165,1440.7442543113193,0,777
06_05,6,5,24,-3.682900258386165,1440.7442543113193,0,777
06_05,6,5,25,-3.682900258386165,1440.7442543113193,0,777
06_05,6,5,26,-3.682900258386165,1440.7442543113193,0,777
06_06,6,6,10,-2.0888191819201065,823.9821712638832,0,0
06_06,6,6,11,-2.0888191819201065,823.9821712638832,31,31
06_06,6,6,12,-2.0888191819201065,823.9821712638832,45,76
06_06,6,6,13,-2.0888191819201065,823.9821712638832,81,157
06_06,6,6,14,-2.0888191819201065,823.9821712638832,93,250
06_06,6,6,15,-2.0888191819201065,823.9821712638832,74,324
06_06,6,6,16,-2.0888191819201065,823.9821712638832,40,364
06_06,6,6,17,-2.0888191819201065,823.9821712638832,25,389
06_06,6,6,18,-2.0888191819201065,823.9821712638832,17,406
06_06,6,6,19,-2.0888191819201065,823.9821712638832,9,415
06_06,6,6,20,-2.0888191819201065,823.9821712638832,5,420
06_06,6,6,21,-2.0888191819201065,823.9821712638832,3,423
06_06,6,6,22,-2.0888191819201065,823.9821712638832,0,423
06_06,6,6,23,-2.0888191819201065,823.9821712638832,0,423
06_06,6,6,24,-2.0888191819201065,823.9821712638832,0,423
06_06,6,6,25,-2.0888191819201065,823.9821712638832,0,423
06_06,6,6,26,-2.0888191819201065,823.9821712638832,0,423
06_07,6,7,10,-3.782459958338634,1494.8297768967514,0,0
06_07,6,7,11,-3.782459958338634,1494.8297768967514,12,12
06_07,6,7,12,-3.782459958338634,1494.8297768967514,35,47
06_07,6,7,13,-3.782459958338634,1494.8297768967514,109,156
06_07,6,7,14,-3.782459958338634,1494.8297768967514,126,282
06_07,6,7,15,-3.782459958338634,1494.8297768967514,69,351
06_07,6,7,16,-3.782459958338634,1494.8297768967514,43,394
06_07,6,7,17,-3.782459958338634,1494.8297768967514,35,429
06_07,6,7,18,-3.782459958338634,1494.8297768967514,12,441
06_07,6,7,19,-3.782459958338634,1494.8297768967514,3,444
06_07,6,7,20,-3.782459958338634,1494.8297768967514,4,448
06_07,6,7,21,-3.782459958338634,1494.8297768967514,3,451
06_07,6,7,22,-3.782459958338634,1494.8297768967514,3,454
06_07,6,7,23,-3.782459958338634,1494.8297768967514,0,454
06_07,6,7,24,-3.782459958338634,1494.8297768967514,0,454
06_07,6,7,25,-3.782459958338634,1494.8297768967514,0,454
06_07,6,7,26,-3.782459958338634,1494.8297768967514,0,454
06_08,6,8,10,-2.554968282366307,1031.790992201914,0,0
06_08,6,8,11,-2.554968282366307,1031.790992201914,3,3
06_08,6,8,12,-2.554968282366307,1031.790992201914,14,17
06_08,6,8,13,-2.554968282366307,1031.790992201914,39,56
06_08,6,8,14,-2.554968282366307,1031.790992201914,46,102
06_08,6,8,15,-2.554968282366307,1031.790992201914,35,137
06_08,6,8,16,-2.554968282366307,1031.790992201914,26,163
06_08,6,8,17,-2.554968282366307,1031.790992201914,31,194
06_08,6,8,18,-2.554968282366307,1031.790992201914,8,202
06_08,6,8,19,-2.554968282366307,1031.790992201914,11,213
06_08,6,8,20,-2.554968282366307,1031.790992201914,0,213
06_08,6,8,21,-2.554968282366307,1031.790992201914,0,213
06_08,6,8,22,-2.554968282366307,1031.790992201914,3,216
06_08,6,8,23,-2.554968282366307,1031.790992201914,0,216
06_08,6,8,24,-2.554968282366307,1031.790992201914,0,216
06_08,6,8,25,-2.554968282366307,1031.790992201914,0,216
06_08,6,8,26,-2.554968282366307,1031.790992201914,0,216
06_09,6,9,10,-1.4377070228136004,567.9505635690001,0,0
06_09,6,9,11,-1.4377070228136004,567.9505635690001,6,6
06_09,6,9,12,-1.4377070228136004,567.9505635690001,13,19
06_09,6,9,13,-1.4377070228136004,567.9505635690001,41,60
06_09,6,9,14,-1.4377070228136004,567.9505635690001,56,116
06_09,6,9,15,-1.4377070228136004,567.9505635690001,38,154
06_09,6,9,16,-1.4377070228136004,567.9505635690001,62,216
06_09,6,9,17,-1.4377070228136004,567.9505635690001,38,254
06_09,6,9,18,-1.4377070228136004,567.9505635690001,16,270
06_09,6,9,19,-1.4377070228136004,567.9505635690001,9,279
06_09,6,9,20,-1.4377070228136004,567.9505635690001,0,279
06_09,6,9,21,-1.4377070228136004,567.9505635690001,5,284
06_09,6,9,22,-1.4377070228136004,567.9505635690001,7,291
06_09,6,9,23,-1.4377070228136004,567.9505635690001,0,291
06_09,6,9,24,-1.4377070228136004,567.9505635690001,0,291
06_09,6,9,25,-1.4377070228136004,567.9505635690001,0,291
06_09,6,9,26,-1.4377070228136004,567.9505635690001,0,291
06_10,6,10,10,-0.2584642947217981,103.34163808383659,0,0
06_10,6,10,11,-0.2584642947217981,103.34163808383659,0,0
06_10,6,10,12,-0.2584642947217981,103.34163808383659,0,0
06_10,6,10,13,-0.2584642947217981,103.34163808383659,4,4
06_10,6,10,14,-0.2584642947217981,103.34163808383659,14,18
06_10,6,10,15,-0.2584642947217981,103.34163808383659,4,22
06_10,6,10,16,-0.2584642947217981,103.34163808383659,5,27
06_10,6,10,17,-0.2584642947217981,103.34163808383659,5,32
06_10,6,10,18,-0.2584642947217981,103.34163808383659,0,32
06_10,6,10,19,-0.2584642947217981,103.34163808383659,0,32
06_10,6,10,20,-0.2584642947217981,103.34163808383659,0,32
06_10,6,10,21,-0.2584642947217981,103.34163808383659,0,32
06_10,6,10,22,-0.2584642947217981,103.34163808383659,0,32
06_10,6,10,23,-0.2584642947217981,103.34163808383659,0,32
06_10,6,10,24,-0.2584642947217981,103.34163808383659,0,32
06_10,6,10,25,-0.2584642947217981,103.34163808383659,0,32
06_10,6,10,26,-0.2584642947217981,103.34163808383659,0,32
07_02,7,2,10,-0.15762269085712327,102.64772880712866,0,0
07_02,7,2,11,-0.15762269085712327,102.64772880712866,0,0
07_02,7,2,12,-0.15762269085712327,102.64772880712866,0,0
07_02,7,2,13,-0.15762269085712327,102.64772880712866,4,4
07_02,7,2,14,-0.15762269085712327,102.64772880712866,5,9
07_02,7,2,15,-0.15762269085712327,102.64772880712866,3,12
07_02,7,2,16,-0.15762269085712327,102.64772880712866,9,21
07_02,7,2,17,-0.15762269085712327,102.64772880712866,3,24
07_02,7,2,18,-0.15762269085712327,102.64772880712866,7,31
07_02,7,2,19,-0.15762269085712327,102.64772880712866,0,31
07_02,7,2,20,-0.15762269085712327,102.64772880712866,0,31
07_02,7,2,21,-0.15762269085712327,102.64772880712866,4,35
07_02,7,2,22,-0.15762269085712327,102.64772880712866,0,35
07_02,7,2,23,-0.15762269085712327,102.64772880712866,5,40
07_02,7,2,24,-0.15762269085712327,102.64772880712866,0,40
07_02,7,2,25,-0.15762269085712327,102.64772880712866,0,40
07_02,7,2,26,-0.15762269085712327,102.64772880712866,0,40
07_03,7,3,10,-0.8538127717056286,565.0245937445067,0,0
07_03,7,3,11,-0.8538127717056286,565.0245937445067,7,7
07_03,7,3,12,-0.8538127717056286,565.0245937445067,29,36
07_03,7,3,13,-0.8538127717056286,565.0245937445067,49,85
07_03,7,3,14,-0.8538127717056286,565.0245937445067,92,177
07_03,7,3,15,-0.8538127717056286,565.0245937445067,64,241
07_03,7,3,16,-0.8538127717056286,565.0245937445067,59,300
07_03,7,3,17,-0.8538127717056286,565.0245937445067,38,338
07_03,7,3,18,-0.8538127717056286,565.0245937445067,37,375
07_03,7,3,19,-0.8538127717056286,565.0245937445067,13,388
07_03,7,3,20,-0.8538127717056286,565.0245937445067,6,394
07_03,7,3,21,-0.8538127717056286,565.0245937445067,6,400
07_03,7,3,22,-0.8538127717056286,565.0245937445067,0,400
07_03,7,3,23,-0.8538127717056286,565.0245937445067,0,400
07_03,7,3,24,-0.8538127717056286,565.0245937445067,0,400
07_03,7,3,25,-0.8538127717056286,565.0245937445067,0,400
07_03,7,3,26,-0.8538127717056286,565.0245937445067,0,400
07_04,7,4,10,-1.2467949477917415,822.5298626376051,0,0
07_04,7,4,11,-1.2467949477917415,822.5298626376051,12,12
07_04,7,4,12,-1.2467949477917415,822.5298626376051,29,41
07_04,7,4,13,-1.2467949477917415,822.5298626376051,82,123
07_04,7,4,14,-1.2467949477917415,822.5298626376051,122,245
07_04,7,4,15,-1.2467949477917415,822.5298626376051,105,350
07_04,7,4,16,-1.2467949477917415,822.5298626376051,92,442
07_04,7,4,17,-1.2467949477917415,822.5298626376051,63,505
07_04,7,4,18,-1.2467949477917415,822.5298626376051,47,552
07_04,7,4,19,-1.2467949477917415,822.5298626376051,27,579
07_04,7,4,20,-1.2467949477917415,822.5298626376051,4,583
07_04,7,4,21,-1.2467949477917415,822.5298626376051,3,586
07_04,7,4,22,-1.2467949477917415,822.5298626376051,0,586
07_04,7,4,23,-1.2467949477917415,822.5298626376051,0,586
07_04,7,4,24,-1.2467949477917415,822.5298626376051,0,586
07_04,7,4,25,-1.2467949477917415,822.5298626376051,0,586
07_04,7,4,26,-1.2467949477917415,822.5298626376051,0,586
07_05,7,5,10,-1.4150064420945494,977.6815489902338,0,0
07_05,7,5,11,-1.4150064420945494,977.6815489902338,14,14
07_05,7,5,12,-1.4150064420945494,977.6815489902338,54,68
07_05,7,5,13,-1.4150064420945494,977.6815489902338,151,219
07_05,7,5,14,-1.4150064420945494,977.6815489902338,196,415
07_05,7,5,15,-1.4150064420945494,977.6815489902338,159,574
07_05,7,5,16,-1.4150064420945494,977.6815489902338,62,636
07_05,7,5,17,-1.4150064420945494,977.6815489902338,45,681
07_05,7,5,18,-1.4150064420945494,977.6815489902338,21,702
07_05,7,5,19,-1.4150064420945494,977.6815489902338,0,702
07_05,7,5,20,-1.4150064420945494,977.6815489902338,0,702
07_05,7,5,21,-1.4150064420945494,977.6815489902338,0,702
07_05,7,5,22,-1.4150064420945494,977.6815489902338,0,702
07_05,7,5,23,-1.4150064420945494,977.6815489902338,0,702
07_05,7,5,24,-1.4150064420945494,977.6815489902338,0,702
07_05,7,5,25,-1.4150064420945494,977.6815489902338,0,702
07_05,7,5,26,-1.4150064420945494,977.6815489902338,0,702
07_06,7,6,10,-2.0307056069763023,1441.9591604757743,0,0
07_06,7,6,11,-2.0307056069763023,1441.9591604757743,14,14
07_06,7,6,12,-2.0307056069763023,1441.9591604757743,83,97
07_06,7,6,13,-2.0307056069763023,1441.9591604757743,166,263
07_06,7,6,14,-2.0307056069763023,1441.9591604757743,210,473
07_06,7,6,15,-2.0307056069763023,1441.9591604757743,142,615
07_06,7,6,16,-2.0307056069763023,1441.9591604757743,61,676
07_06,7,6,17,-2.0307056069763023,1441.9591604757743,38,714
07_06,7,6,18,-2.0307056069763023,1441.9591604757743,31,745
07_06,7,6,19,-2.0307056069763023,1441.9591604757743,17,762
07_06,7,6,20,-2.0307056069763023,1441.9591604757743,16,778
07_06,7,6,21,-2.0307056069763023,1441.9591604757743,0,778
07_06,7,6,22,-2.0307056069763023,1441.9591604757743,3,781
07_06,7,6,23,-2.0307056069763023,1441.9591604757743,0,781
07_06,7,6,24,-2.0307056069763023,1441.9591604757743,0,781
07_06,7,6,25,-2.0307056069763023,1441.9591604757743,0,781
07_06,7,6,26,-2.0307056069763023,1441.9591604757743,0,781
07_07,7,7,10,-2.398285003206332,1649.3972220927624,3,3
07_07,7,7,11,-2.398285003206332,1649.3972220927624,16,19
07_07,7,7,12,-2.398285003206332,1649.3972220927624,55,74
07_07,7,7,13,-2.398285003206332,1649.3972220927624,129,203
07_07,7,7,14,-2.398285003206332,1649.3972220927624,197,400
07_07,7,7,15,-2.398285003206332,1649.3972220927624,106,506
07_07,7,7,16,-2.398285003206332,1649.3972220927624,37,543
07_07,7,7,17,-2.398285003206332,1649.3972220927624,29,572
07_07,7,7,18,-2.398285003206332,1649.3972220927624,24,596
07_07,7,7,19,-2.398285003206332,1649.3972220927624,14,610
07_07,7,7,20,-2.398285003206332,1649.3972220927624,3,613
07_07,7,7,21,-2.398285003206332,1649.3972220927624,10,623
07_07,7,7,22,-2.398285003206332,1649.3972220927624,3,626
07_07,7,7,23,-2.398285003206332,1649.3972220927624,0,626
07_07,7,7,24,-2.398285003206332,1649.3972220927624,0,626
07_07,7,7,25,-2.398285003206332,1649.3972220927624,0,626
07_07,7,7,26,-2.398285003206332,1649.3972220927624,0,626
07_08,7,8,10,-1.9204036394638349,1238.142913773969,0,0
07_08,7,8,11,-1.9204036394638349,1238.142913773969,3,3
07_08,7,8,12,-1.9204036394638349,1238.142913773969,25,28
07_08,7,8,13,-1.9204036394638349,1238.142913773969,91,119
07_08,7,8,14,-1.9204036394638349,1238.142913773969,134,253
07_08,7,8,15,-1.9204036394638349,1238.142913773969,103,356
07_08,7,8,16,-1.9204036394638349,1238.142913773969,43,399
07_08,7,8,17,-1.9204036394638349,1238.142913773969,37,436
07_08,7,8,18,-1.9204036394638349,1238.142913773969,28,464
07_08,7,8,19,-1.9204036394638349,1238.142913773969,3,467
07_08,7,8,20,-1.9204036394638349,1238.142913773969,9,476
07_08,7,8,21,-1.9204036394638349,1238.142913773969,3,479
07_08,7,8,22,-1.9204036394638349,1238.142913773969,0,479
07_08,7,8,23,-1.9204036394638349,1238.142913773969,0,479
07_08,7,8,24,-1.9204036394638349,1238.142913773969,3,482
07_08,7,8,25,-1.9204036394638349,1238.142913773969,3,485
07_08,7,8,26,-1.9204036394638349,1238.142913773969,0,485
07_09,7,9,10,-1.0336910002637691,722.9502142515452,0,0
07_09,7,9,11,-1.0336910002637691,722.9502142515452,0,0
07_09,7,9,12,-1.0336910002637691,722.9502142515452,29,29
07_09,7,9,13,-1.0336910002637691,722.9502142515452,48,77
07_09,7,9,14,-1.0336910002637691,722.9502142515452,65,142
07_09,7,9,15,-1.0336910002637691,722.9502142515452,79,221
07_09,7,9,16,-1.0336910002637691,722.9502142515452,52,273
07_09,7,9,17,-1.0336910002637691,722.9502142515452,67,340
07_09,7,9,18,-1.0336910002637691,722.9502142515452,10,350
07_09,7,9,19,-1.0336910002637691,722.9502142515452,0,350
07_09,7,9,20,-1.0336910002637691,722.9502142515452,0,350
07_09,7,9,21,-1.0336910002637691,722.9502142515452,0,350
07_09,7,9,22,-1.0336910002637691,722.9502142515452,0,350
07_09,7,9,23,-1.0336910002637691,722.9502142515452,0,350
07_09,7,9,24,-1.0336910002637691,722.9502142515452,0,350
07_09,7,9,25,-1.0336910002637691,722.9502142515452,0,350
07_09,7,9,26,-1.0336910002637691,722.9502142515452,0,350
07_10,7,10,10,-0.0648752740048244,51.6666109356137,0,0
07_10,7,10,11,-0.0648752740048244,51.6666109356137,0,0
07_10,7,10,12,-0.0648752740048244,51.6666109356137,3,3
07_10,7,10,13,-0.0648752740048244,51.6666109356137,4,7
07_10,7,10,14,-0.0648752740048244,51.6666109356137,3,10
07_10,7,10,15,-0.0648752740048244,51.6666109356137,5,15
07_10,7,10,16,-0.0648752740048244,51.6666109356137,3,18
07_10,7,10,17,-0.0648752740048244,51.6666109356137,7,25
07_10,7,10,18,-0.0648752740048244,51.6666109356137,4,29
07_10,7,10,19,-0.0648752740048244,51.6666109356137,0,29
07_10,7,10,20,-0.0648752740048244,51.6666109356137,8,37
07_10,7,10,21,-0.0648752740048244,51.6666109356137,0,37
07_10,7,10,22,-0.0648752740048244,51.6666109356137,0,37
07_10,7,10,23,-0.0648752740048244,51.6666109356137,0,37
07_10,7,10,24,-0.0648752740048244,51.6666109356137,0,37
07_10,7,10,25,-0.0648752740048244,51.6666109356137,0,37
07_10,7,10,26,-0.0648752740048244,51.6666109356137,0,37
08_02,8,2,10,-0.0069561430468333225,51.33749023974753,0,0
08_02,8,2,11,-0.0069561430468333225,51.33749023974753,0,0
08_02,8,2,12,-0.0069561430468333225,51.33749023974753,0,0
08_02,8,2,13,-0.0069561430468333225,51.33749023974753,4,4
08_02,8,2,14,-0.0069561430468333225,51.33749023974753,7,11
08_02,8,2,15,-0.0069561430468333225,51.33749023974753,5,16
08_02,8,2,16,-0.0069561430468333225,51.33749023974753,4,20
08_02,8,2,17,-0.0069561430468333225,51.33749023974753,3,23
08_02,8,2,18,-0.0069561430468333225,51.33749023974753,0,23
08_02,8,2,19,-0.0069561430468333225,51.33749023974753,0,23
08_02,8,2,20,-0.0069561430468333225,51.33749023974753,0,23
08_02,8,2,21,-0.0069561430468333225,51.33749023974753,0,23
08_02,8,2,22,-0.0069561430468333225,51.33749023974753,0,23
08_02,8,2,23,-0.0069561430468333225,51.33749023974753,0,23
08_02,8,2,24,-0.0069561430468333225,51.33749023974753,0,23
08_02,8,2,25,-0.0069561430468333225,51.33749023974753,0,23
08_02,8,2,26,-0.0069561430468333225,51.33749023974753,0,23
08_03,8,3,10,-0.11407114082589045,256.79580296578087,0,0
08_03,8,3,11,-0.11407114082589045,256.79580296578087,3,3
08_03,8,3,12,-0.11407114082589045,256.79580296578087,12,15
08_03,8,3,13,-0.11407114082589045,256.79580296578087,19,34
08_03,8,3,14,-0.11407114082589045,256.79580296578087,44,78
08_03,8,3,15,-0.11407114082589045,256.79580296578087,25,103
08_03,8,3,16,-0.11407114082589045,256.79580296578087,20,123
08_03,8,3,17,-0.11407114082589045,256.79580296578087,17,140
08_03,8,3,18,-0.11407114082589045,256.79580296578087,6,146
08_03,8,3,19,-0.11407114082589045,256.79580296578087,5,151
08_03,8,3,20,-0.11407114082589045,256.79580296578087,4,155
08_03,8,3,21,-0.11407114082589045,256.79580296578087,0,155
08_03,8,3,22,-0.11407114082589045,256.79580296578087,0,155
08_03,8,3,23,-0.11407114082589045,256.79580296578087,0,155
08_03,8,3,24,-0.11407114082589045,256.79580296578087,0,155
08_03,8,3,25,-0.11407114082589045,256.79580296578087,0,155
08_03,8,3,26,-0.11407114082589045,256.79580296578087,0,155
08_04,8,4,10,-0.1935983338849477,411.263180154002,0,0
08_04,8,4,11,-0.1935983338849477,411.263180154002,6,6
08_04,8,4,12,-0.1935983338849477,411.263180154002,20,26
08_04,8,4,13,-0.1935983338849477,411.263180154002,42,68
08_04,8,4,14,-0.1935983338849477,411.263180154002,53,121
08_04,8,4,15,-0.1935983338849477,411.263180154002,43,164
08_04,8,4,16,-0.1935983338849477,411.263180154002,27,191
08_04,8,4,17,-0.1935983338849477,411.263180154002,28,219
08_04,8,4,18,-0.1935983338849477,411.263180154002,3,222
08_04,8,4,19,-0.1935983338849477,411.263180154002,10,232
08_04,8,4,20,-0.1935983338849477,411.263180154002,8,240
08_04,8,4,21,-0.1935983338849477,411.263180154002,0,240
08_04,8,4,22,-0.1935983338849477,411.263180154002,0,240
08_04,8,4,23,-0.1935983338849477,411.263180154002,0,240
08_04,8,4,24,-0.1935983338849477,411.263180154002,0,240
08_04,8,4,25,-0.1935983338849477,411.263180154002,0,240
08_04,8,4,26,-0.1935983338849477,411.263180154002,0,240
08_05,8,5,10,-0.4001702362796039,1131.9128593979867,0,0
08_05,8,5,11,-0.4001702362796039,1131.9128593979867,6,6
08_05,8,5,12,-0.4001702362796039,1131.9128593979867,34,40
08_05,8,5,13,-0.4001702362796039,1131.9128593979867,101,141
08_05,8,5,14,-0.4001702362796039,1131.9128593979867,157,298
08_05,8,5,15,-0.4001702362796039,1131.9128593979867,97,395
08_05,8,5,16,-0.4001702362796039,1131.9128593979867,71,466
08_05,8,5,17,-0.4001702362796039,1131.9128593979867,37,503
08_05,8,5,18,-0.4001702362796039,1131.9128593979867,24,527
08_05,8,5,19,-0.4001702362796039,1131.9128593979867,8,535
08_05,8,5,20,-0.4001702362796039,1131.9128593979867,9,544
08_05,8,5,21,-0.4001702362796039,1131.9128593979867,3,547
08_05,8,5,22,-0.4001702362796039,1131.9128593979867,0,547
08_05,8,5,23,-0.4001702362796039,1131.9128593979867,0,547
08_05,8,5,24,-0.4001702362796039,1131.9128593979867,0,547
08_05,8,5,25,-0.4001702362796039,1131.9128593979867,0,547
08_05,8,5,26,-0.4001702362796039,1131.9128593979867,0,547
08_06,8,6,10,-0.356388205755986,721.0723120232827,0,0
08_06,8,6,11,-0.356388205755986,721.0723120232827,7,7
08_06,8,6,12,-0.356388205755986,721.0723120232827,33,40
08_06,8,6,13,-0.356388205755986,721.0723120232827,63,103
08_06,8,6,14,-0.356388205755986,721.0723120232827,89,192
08_06,8,6,15,-0.356388205755986,721.0723120232827,65,257
08_06,8,6,16,-0.356388205755986,721.0723120232827,40,297
08_06,8,6,17,-0.356388205755986,721.0723120232827,19,316
08_06,8,6,18,-0.356388205755986,721.0723120232827,19,335
08_06,8,6,19,-0.356388205755986,721.0723120232827,0,335
08_06,8,6,20,-0.356388205755986,721.0723120232827,3,338
08_06,8,6,21,-0.356388205755986,721.0723120232827,3,341
08_06,8,6,22,-0.356388205755986,721.0723120232827,0,341
08_06,8,6,23,-0.356388205755986,721.0723120232827,0,341
08_06,8,6,24,-0.356388205755986,721.0723120232827,5,346
08_06,8,6,25,-0.356388205755986,721.0723120232827,5,351
08_06,8,6,26,-0.356388205755986,721.0723120232827,0,351
08_07,8,7,10,-0.3433854096400747,927.8033872948115,0,0
08_07,8,7,11,-0.3433854096400747,927.8033872948115,0,0
08_07,8,7,12,-0.3433854096400747,927.8033872948115,34,34
08_07,8,7,13,-0.3433854096400747,927.8033872948115,80,114
08_07,8,7,14,-0.3433854096400747,927.8033872948115,113,227
08_07,8,7,15,-0.3433854096400747,927.8033872948115,107,334
08_07,8,7,16,-0.3433854096400747,927.8033872948115,45,379
08_07,8,7,17,-0.3433854096400747,927.8033872948115,29,408
08_07,8,7,18,-0.3433854096400747,927.8033872948115,26,434
08_07,8,7,19,-0.3433854096400747,927.8033872948115,15,449
08_07,8,7,20,-0.3433854096400747,927.8033872948115,0,449
08_07,8,7,21,-0.3433854096400747,927.8033872948115,0,449
08_07,8,7,22,-0.3433854096400747,927.8033872948115,5,454
08_07,8,7,23,-0.3433854096400747,927.8033872948115,0,454
08_07,8,7,24,-0.3433854096400747,927.8033872948115,0,454
08_07,8,7,25,-0.3433854096400747,927.8033872948115,0,454
08_07,8,7,26,-0.3433854096400747,927.8033872948115,0,454
08_08,8,8,10,-0.25212039445096424,825.4333071831314,0,0
08_08,8,8,11,-0.25212039445096424,825.4333071831314,0,0
08_08,8,8,12,-0.25212039445096424,825.4333071831314,7,7
08_08,8,8,13,-0.25212039445096424,825.4333071831314,90,97
08_08,8,8,14,-0.25212039445096424,825.4333071831314,116,213
08_08,8,8,15,-0.25212039445096424,825.4333071831314,86,299
08_08,8,8,16,-0.25212039445096424,825.4333071831314,75,374
08_08,8,8,17,-0.25212039445096424,825.4333071831314,29,403
08_08,8,8,18,-0.25212039445096424,825.4333071831314,25,428
08_08,8,8,19,-0.25212039445096424,825.4333071831314,31,459
08_08,8,8,20,-0.25212039445096424,825.4333071831314,0,459
08_08,8,8,21,-0.25212039445096424,825.4333071831314,0,459
08_08,8,8,22,-0.25212039445096424,825.4333071831314,0,459
08_08,8,8,23,-0.25212039445096424,825.4333071831314,0,459
08_08,8,8,24,-0.25212039445096424,825.4333071831314,3,462
08_08,8,8,25,-0.25212039445096424,825.4333071831314,9,471
08_08,8,8,26,-0.25212039445096424,825.4333071831314,0,471
08_09,8,9,10,-0.15681701139453755,413.0803421287697,0,0
08_09,8,9,11,-0.15681701139453755,413.0803421287697,0,0
08_09,8,9,12,-0.15681701139453755,413.0803421287697,10,10
08_09,8,9,13,-0.15681701139453755,413.0803421287697,41,51
08_09,8,9,14,-0.15681701139453755,413.0803421287697,34,85
08_09,8,9,15,-0.15681701139453755,413.0803421287697,45,130
08_09,8,9,16,-0.15681701139453755,413.0803421287697,24,154
08_09,8,9,17,-0.15681701139453755,413.0803421287697,30,184
08_09,8,9,18,-0.15681701139453755,413.0803421287697,13,197
08_09,8,9,19,-0.15681701139453755,413.0803421287697,0,197
08_09,8,9,20,-0.15681701139453755,413.0803421287697,4,201
08_09,8,9,21,-0.15681701139453755,413.0803421287697,0,201
08_09,8,9,22,-0.15681701139453755,413.0803421287697,0,201
08_09,8,9,23,-0.15681701139453755,413.0803421287697,0,201
08_09,8,9,24,-0.15681701139453755,413.0803421287697,0,201
08_09,8,9,25,-0.15681701139453755,413.0803421287697,0,201
08_09,8,9,26,-0.15681701139453755,413.0803421287697,0,201
08_10,8,10,10,-0.1484586631834133,206.6895100453633,0,0
08_10,8,10,11,-0.1484586631834133,206.6895100453633,0,0
08_10,8,10,12,-0.1484586631834133,206.6895100453633,4,4
08_10,8,10,13,-0.1484586631834133,206.6895100453633,7,11
08_10,8,10,14,-0.1484586631834133,206.6895100453633,14,25
08_10,8,10,15,-0.1484586631834133,206.6895100453633,23,48
08_10,8,10,16,-0.1484586631834133,206.6895100453633,10,58
08_10,8,10,17,-0.1484586631834133,206.6895100453633,3,61
08_10,8,10,18,-0.1484586631834133,206.6895100453633,7,68
08_10,8,10,19,-0.1484586631834133,206.6895100453633,0,68
08_10,8,10,20,-0.1484586631834133,206.6895100453633,3,71
08_10,8,10,21,-0.1484586631834133,206.6895100453633,0,71
08_10,8,10,22,-0.1484586631834133,206.6895100453633,0,71
08_10,8,10,23,-0.1484586631834133,206.6895100453633,0,71
08_10,8,10,24,-0.1484586631834133,206.6895100453633,0,71
08_10,8,10,25,-0.1484586631834133,206.6895100453633,0,71
08_10,8,10,26,-0.1484586631834133,206.6895100453633,0,71
09_02,9,2,10,0.01827324683531872,51.314079317331974,0,0
09_02,9,2,11,0.01827324683531872,51.314079317331974,0,0
09_02,9,2,12,0.01827324683531872,51.314079317331974,0,0
09_02,9,2,13,0.01827324683531872,51.314079317331974,3,3
09_02,9,2,14,0.01827324683531872,51.314079317331974,4,7
09_02,9,2,15,0.01827324683531872,51.314079317331974,0,7
09_02,9,2,16,0.01827324683531872,51.314079317331974,0,7
09_02,9,2,17,0.01827324683531872,51.314079317331974,0,7
09_02,9,2,18,0.01827324683531872,51.314079317331974,0,7
09_02,9,2,19,0.01827324683531872,51.314079317331974,0,7
09_02,9,2,20,0.01827324683531872,51.314079317331974,0,7
09_02,9,2,21,0.01827324683531872,51.314079317331974,0,7
09_02,9,2,22,0.01827324683531872,51.314079317331974,0,7
09_02,9,2,23,0.01827324683531872,51.314079317331974,0,7
09_02,9,2,24,0.01827324683531872,51.314079317331974,0,7
09_02,9,2,25,0.01827324683531872,51.314079317331974,0,7
09_02,9,2,26,0.01827324683531872,51.314079317331974,0,7
09_03,9,3,10,0.1131511545952867,205.49785372749528,0,0
09_03,9,3,11,0.1131511545952867,205.49785372749528,0,0
09_03,9,3,12,0.1131511545952867,205.49785372749528,3,3
09_03,9,3,13,0.1131511545952867,205.49785372749528,15,18
09_03,9,3,14,0.1131511545952867,205.49785372749528,25,43
09_03,9,3,15,0.1131511545952867,205.49785372749528,16,59
09_03,9,3,16,0.1131511545952867,205.49785372749528,21,80
09_03,9,3,17,0.1131511545952867,205.49785372749528,12,92
09_03,9,3,18,0.1131511545952867,205.49785372749528,18,110
09_03,9,3,19,0.1131511545952867,205.49785372749528,12,122
09_03,9,3,20,0.1131511545952867,205.49785372749528,9,131
09_03,9,3,21,0.1131511545952867,205.49785372749528,0,131
09_03,9,3,22,0.1131511545952867,205.49785372749528,0,131
09_03,9,3,23,0.1131511545952867,205.49785372749528,0,131
09_03,9,3,24,0.1131511545952867,205.49785372749528,0,131
09_03,9,3,25,0.1131511545952867,205.49785372749528,0,131
09_03,9,3,26,0.1131511545952867,205.49785372749528,0,131
09_04,9,4,10,0.2499473198109258,359.8423088563816,0,0
09_04,9,4,11,0.2499473198109258,359.8423088563816,0,0
09_04,9,4,12,0.2499473198109258,359.8423088563816,16,16
09_04,9,4,13,0.2499473198109258,359.8423088563816,49,65
09_04,9,4,14,0.2499473198109258,359.8423088563816,67,132
09_04,9,4,15,0.2499473198109258,359.8423088563816,45,177
09_04,9,4,16,0.2499473198109258,359.8423088563816,31,208
09_04,9,4,17,0.2499473198109258,359.8423088563816,14,222
09_04,9,4,18,0.2499473198109258,359.8423088563816,9,231
09_04,9,4,19,0.2499473198109258,359.8423088563816,13,244
09_04,9,4,20,0.2499473198109258,359.8423088563816,6,250
09_04,9,4,21,0.2499473198109258,359.8423088563816,0,250
09_04,9,4,22,0.2499473198109258,359.8423088563816,0,250
09_04,9,4,23,0.2499473198109258,359.8423088563816,0,250
09_04,9,4,24,0.2499473198109258,359.8423088563816,0,250
09_04,9,4,25,0.2499473198109258,359.8423088563816,0,250
09_04,9,4,26,0.2499473198109258,359.8423088563816,0,250
09_05,9,5,10,0.539066769148825,617.4253051026371,0,0
09_05,9,5,11,0.539066769148825,617.4253051026371,3,3
09_05,9,5,12,0.539066769148825,617.4253051026371,4,7
09_05,9,5,13,0.539066769148825,617.4253051026371,37,44
09_05,9,5,14,0.539066769148825,617.4253051026371,53,97
09_05,9,5,15,0.539066769148825,617.4253051026371,33,130
09_05,9,5,16,0.539066769148825,617.4253051026371,23,153
09_05,9,5,17,0.539066769148825,617.4253051026371,27,180
09_05,9,5,18,0.539066769148825,617.4253051026371,30,210
09_05,9,5,19,0.539066769148825,617.4253051026371,7,217
09_05,9,5,20,0.539066769148825,617.4253051026371,3,220
09_05,9,5,21,0.539066769148825,617.4253051026371,0,220
09_05,9,5,22,0.539066769148825,617.4253051026371,0,220
09_05,9,5,23,0.539066769148825,617.4253051026371,0,220
09_05,9,5,24,0.539066769148825,617.4253051026371,0,220
09_05,9,5,25,0.539066769148825,617.4253051026371,0,220
09_05,9,5,26,0.539066769148825,617.4253051026371,0,220
09_06,9,6,10,0.5190208451751748,721.0234416645408,0,0
09_06,9,6,11,0.5190208451751748,721.0234416645408,0,0
09_06,9,6,12,0.5190208451751748,721.0234416645408,19,19
09_06,9,6,13,0.5190208451751748,721.0234416645408,48,67
09_06,9,6,14,0.5190208451751748,721.0234416645408,97,164
09_06,9,6,15,0.5190208451751748,721.0234416645408,75,239
09_06,9,6,16,0.5190208451751748,721.0234416645408,44,283
09_06,9,6,17,0.5190208451751748,721.0234416645408,20,303
09_06,9,6,18,0.5190208451751748,721.0234416645408,9,312
09_06,9,6,19,0.5190208451751748,721.0234416645408,10,322
09_06,9,6,20,0.5190208451751748,721.0234416645408,3,325
09_06,9,6,21,0.5190208451751748,721.0234416645408,4,329
09_06,9,6,22,0.5190208451751748,721.0234416645408,3,332
09_06,9,6,23,0.5190208451751748,721.0234416645408,4,336
09_06,9,6,24,0.5190208451751748,721.0234416645408,0,336
09_06,9,6,25,0.5190208451751748,721.0234416645408,3,339
09_06,9,6,26,0.5190208451751748,721.0234416645408,0,339
09_07,9,7,10,0.9885352895365909,1391.6746507200235,0,0
09_07,9,7,11,0.9885352895365909,1391.6746507200235,6,6
09_07,9,7,12,0.9885352895365909,1391.6746507200235,28,34
09_07,9,7,13,0.9885352895365909,1391.6746507200235,156,190
09_07,9,7,14,0.9885352895365909,1391.6746507200235,189,379
09_07,9,7,15,0.9885352895365909,1391.6746507200235,156,535
09_07,9,7,16,0.9885352895365909,1391.6746507200235,63,598
09_07,9,7,17,0.9885352895365909,1391.6746507200235,38,636
09_07,9,7,18,0.9885352895365909,1391.6746507200235,27,663
09_07,9,7,19,0.9885352895365909,1391.6746507200235,26,689
09_07,9,7,20,0.9885352895365909,1391.6746507200235,3,692
09_07,9,7,21,0.9885352895365909,1391.6746507200235,3,695
09_07,9,7,22,0.9885352895365909,1391.6746507200235,0,695
09_07,9,7,23,0.9885352895365909,1391.6746507200235,6,701
09_07,9,7,24,0.9885352895365909,1391.6746507200235,7,708
09_07,9,7,25,0.9885352895365909,1391.6746507200235,0,708
09_07,9,7,26,0.9885352895365909,1391.6746507200235,5,713
09_08,9,8,10,0.36209429333282006,464.3588704698989,0,0
09_08,9,8,11,0.36209429333282006,464.3588704698989,0,0
09_08,9,8,12,0.36209429333282006,464.3588704698989,9,9
09_08,9,8,13,0.36209429333282006,464.3588704698989,33,42
09_08,9,8,14,0.36209429333282006,464.3588704698989,48,90
09_08,9,8,15,0.36209429333282006,464.3588704698989,39,129
09_08,9,8,16,0.36209429333282006,464.3588704698989,16,145
09_08,9,8,17,0.36209429333282006,464.3588704698989,23,168
09_08,9,8,18,0.36209429333282006,464.3588704698989,34,202
09_08,9,8,19,0.36209429333282006,464.3588704698989,17,219
09_08,9,8,20,0.36209429333282006,464.3588704698989,9,228
09_08,9,8,21,0.36209429333282006,464.3588704698989,0,228
09_08,9,8,22,0.36209429333282006,464.3588704698989,0,228
09_08,9,8,23,0.36209429333282006,464.3588704698989,0,228
09_08,9,8,24,0.36209429333282006,464.3588704698989,0,228
09_08,9,8,25,0.36209429333282006,464.3588704698989,0,228
09_08,9,8,26,0.36209429333282006,464.3588704698989,0,228
09_09,9,9,10,0.01096122089906824,51.6190467437,0,0
09_09,9,9,11,0.01096122089906824,51.6190467437,0,0
09_09,9,9,12,0.01096122089906824,51.6190467437,0,0
09_09,9,9,13,0.01096122089906824,51.6190467437,6,6
09_09,9,9,14,0.01096122089906824,51.6190467437,4,10
09_09,9,9,15,0.01096122089906824,51.6190467437,6,16
09_09,9,9,16,0.01096122089906824,51.6190467437,3,19
09_09,9,9,17,0.01096122089906824,51.6190467437,13,32
09_09,9,9,18,0.01096122089906824,51.6190467437,0,32
09_09,9,9,19,0.01096122089906824,51.6190467437,3,35
09_09,9,9,20,0.01096122089906824,51.6190467437,0,35
09_09,9,9,21,0.01096122089906824,51.6190467437,0,35
09_09,9,9,22,0.01096122089906824,51.6190467437,0,35
09_09,9,9,23,0.01096122089906824,51.6190467437,0,35
09_09,9,9,24,0.01096122089906824,51.6190467437,0,35
09_09,9,9,25,0.01096122089906824,51.6190467437,0,35
09_09,9,9,26,0.01096122089906824,51.6190467437,0,35
10_03,10,3,10,0.6785390864486297,359.55819767647876,0,0
10_03,10,3,11,0.6785390864486297,359.55819767647876,0,0
10_03,10,3,12,0.6785390864486297,359.55819767647876,16,16
10_03,10,3,13,0.6785390864486297,359.55819767647876,26,42
10_03,10,3,14,0.6785390864486297,359.55819767647876,48,90
10_03,10,3,15,0.6785390864486297,359.55819767647876,48,138
10_03,10,3,16,0.6785390864486297,359.55819767647876,27,165
10_03,10,3,17,0.6785390864486297,359.55819767647876,22,187
10_03,10,3,18,0.6785390864486297,359.55819767647876,23,210
10_03,10,3,19,0.6785390864486297,359.55819767647876,20,230
10_03,10,3,20,0.6785390864486297,359.55819767647876,3,233
10_03,10,3,21,0.6785390864486297,359.55819767647876,0,233
10_03,10,3,22,0.6785390864486297,359.55819767647876,0,233
10_03,10,3,23,0.6785390864486297,359.55819767647876,0,233
10_03,10,3,24,0.6785390864486297,359.55819767647876,0,233
10_03,10,3,25,0.6785390864486297,359.55819767647876,0,233
10_03,10,3,26,0.6785390864486297,359.55819767647876,0,233
10_04,10,4,10,0.6616065415525585,359.8683373079326,0,0
10_04,10,4,11,0.6616065415525585,359.8683373079326,5,5
10_04,10,4,12,0.6616065415525585,359.8683373079326,4,9
10_04,10,4,13,0.6616065415525585,359.8683373079326,39,48
10_04,10,4,14,0.6616065415525585,359.8683373079326,49,97
10_04,10,4,15,0.6616065415525585,359.8683373079326,47,144
10_04,10,4,16,0.6616065415525585,359.8683373079326,19,163
10_04,10,4,17,0.6616065415525585,359.8683373079326,18,181
10_04,10,4,18,0.6616065415525585,359.8683373079326,32,213
10_04,10,4,19,0.6616065415525585,359.8683373079326,20,233
10_04,10,4,20,0.6616065415525585,359.8683373079326,10,243
10_04,10,4,21,0.6616065415525585,359.8683373079326,7,250
10_04,10,4,22,0.6616065415525585,359.8683373079326,0,250
10_04,10,4,23,0.6616065415525585,359.8683373079326,0,250
10_04,10,4,24,0.6616065415525585,359.8683373079326,0,250
10_04,10,4,25,0.6616065415525585,359.8683373079326,0,250
10_04,10,4,26,0.6616065415525585,359.8683373079326,0,250
10_05,10,5,10,0.9558865320661524,514.5406625033264,0,0
10_05,10,5,11,0.9558865320661524,514.5406625033264,0,0
10_05,10,5,12,0.9558865320661524,514.5406625033264,7,7
10_05,10,5,13,0.9558865320661524,514.5406625033264,13,20
10_05,10,5,14,0.9558865320661524,514.5406625033264,48,68
10_05,10,5,15,0.9558865320661524,514.5406625033264,25,93
10_05,10,5,16,0.9558865320661524,514.5406625033264,41,134
10_05,10,5,17,0.9558865320661524,514.5406625033264,24,158
10_05,10,5,18,0.9558865320661524,514.5406625033264,19,177
10_05,10,5,19,0.9558865320661524,514.5406625033264,10,187
10_05,10,5,20,0.9558865320661524,514.5406625033264,9,196
10_05,10,5,21,0.9558865320661524,514.5406625033264,0,196
10_05,10,5,22,0.9558865320661524,514.5406625033264,4,200
10_05,10,5,23,0.9558865320661524,514.5406625033264,3,203
10_05,10,5,24,0.9558865320661524,514.5406625033264,0,203
10_05,10,5,25,0.9558865320661524,514.5406625033264,0,203
10_05,10,5,26,0.9558865320661524,514.5406625033264,0,203
10_06,10,6,10,0.8429110718243259,463.44522873569645,0,0
10_06,10,6,11,0.8429110718243259,463.44522873569645,0,0
10_06,10,6,12,0.8429110718243259,463.44522873569645,22,22
10_06,10,6,13,0.8429110718243259,463.44522873569645,33,55
10_06,10,6,14,0.8429110718243259,463.44522873569645,64,119
10_06,10,6,15,0.8429110718243259,463.44522873569645,58,177
10_06,10,6,16,0.8429110718243259,463.44522873569645,23,200
10_06,10,6,17,0.8429110718243259,463.44522873569645,29,229
10_06,10,6,18,0.8429110718243259,463.44522873569645,13,242
10_06,10,6,19,0.8429110718243259,463.44522873569645,9,251
10_06,10,6,20,0.8429110718243259,463.44522873569645,7,258
10_06,10,6,21,0.8429110718243259,463.44522873569645,8,266
10_06,10,6,22,0.8429110718243259,463.44522873569645,0,266
10_06,10,6,23,0.8429110718243259,463.44522873569645,0,266
10_06,10,6,24,0.8429110718243259,463.44522873569645,3,269
10_06,10,6,25,0.8429110718243259,463.44522873569645,0,269
10_06,10,6,26,0.8429110718243259,463.44522873569645,3,272
10_07,10,7,10,1.483106912748262,824.716210819994,0,0
10_07,10,7,11,1.483106912748262,824.716210819994,0,0
10_07,10,7,12,1.483106912748262,824.716210819994,20,20
10_07,10,7,13,1.483106912748262,824.716210819994,54,74
10_07,10,7,14,1.483106912748262,824.716210819994,85,159
10_07,10,7,15,1.483106912748262,824.716210819994,94,253
10_07,10,7,16,1.483106912748262,824.716210819994,50,303
10_07,10,7,17,1.483106912748262,824.716210819994,41,344
10_07,10,7,18,1.483106912748262,824.716210819994,39,383
10_07,10,7,19,1.483106912748262,824.716210819994,21,404
10_07,10,7,20,1.483106912748262,824.716210819994,3,407
10_07,10,7,21,1.483106912748262,824.716210819994,3,410
10_07,10,7,22,1.483106912748262,824.716210819994,0,410
10_07,10,7,23,1.483106912748262,824.716210819994,4,414
10_07,10,7,24,1.483106912748262,824.716210819994,11,425
10_07,10,7,25,1.483106912748262,824.716210819994,0,425
10_07,10,7,26,1.483106912748262,824.716210819994,3,428
10_08,10,8,10,0.8160415341798225,464.2693631366186,0,0
10_08,10,8,11,0.8160415341798225,464.2693631366186,0,0
10_08,10,8,12,0.8160415341798225,464.2693631366186,8,8
10_08,10,8,13,0.8160415341798225,464.2693631366186,17,25
10_08,10,8,14,0.8160415341798225,464.2693631366186,46,71
10_08,10,8,15,0.8160415341798225,464.2693631366186,46,117
10_08,10,8,16,0.8160415341798225,464.2693631366186,28,145
10_08,10,8,17,0.8160415341798225,464.2693631366186,22,167
10_08,10,8,18,0.8160415341798225,464.2693631366186,23,190
10_08,10,8,19,0.8160415341798225,464.2693631366186,29,219
10_08,10,8,20,0.8160415341798225,464.2693631366186,0,219
10_08,10,8,21,0.8160415341798225,464.2693631366186,6,225
10_08,10,8,22,0.8160415341798225,464.2693631366186,0,225
10_08,10,8,23,0.8160415341798225,464.2693631366186,7,232
10_08,10,8,24,0.8160415341798225,464.2693631366186,0,232
10_08,10,8,25,0.8160415341798225,464.2693631366186,0,232
10_08,10,8,26,0.8160415341798225,464.2693631366186,0,232
11_04,11,4,10,0.27188365871780956,102.81564704990339,0,0
11_04,11,4,11,0.27188365871780956,102.81564704990339,0,0
11_04,11,4,12,0.27188365871780956,102.81564704990339,3,3
11_04,11,4,13,0.27188365871780956,102.81564704990339,10,13
11_04,11,4,14,0.27188365871780956,102.81564704990339,17,30
11_04,11,4,15,0.27188365871780956,102.81564704990339,13,43
11_04,11,4,16,0.27188365871780956,102.81564704990339,10,53
11_04,11,4,17,0.27188365871780956,102.81564704990339,3,56
11_04,11,4,18,0.27188365871780956,102.81564704990339,11,67
11_04,11,4,19,0.27188365871780956,102.81564704990339,0,67
11_04,11,4,20,0.27188365871780956,102.81564704990339,4,71
11_04,11,4,21,0.27188365871780956,102.81564704990339,0,71
11_04,11,4,22,0.27188365871780956,102.81564704990339,0,71
11_04,11,4,23,0.27188365871780956,102.81564704990339,0,71
11_04,11,4,24,0.27188365871780956,102.81564704990339,0,71
11_04,11,4,25,0.27188365871780956,102.81564704990339,0,71
11_04,11,4,26,0.27188365871780956,102.81564704990339,0,71
11_05,11,5,10,1.3510486640827988,463.1585119829366,0,0
11_05,11,5,11,1.3510486640827988,463.1585119829366,0,0
11_05,11,5,12,1.3510486640827988,463.1585119829366,10,10
11_05,11,5,13,1.3510486640827988,463.1585119829366,29,39
11_05,11,5,14,1.3510486640827988,463.1585119829366,58,97
11_05,11,5,15,1.3510486640827988,463.1585119829366,44,141
11_05,11,5,16,1.3510486640827988,463.1585119829366,32,173
11_05,11,5,17,1.3510486640827988,463.1585119829366,25,198
11_05,11,5,18,1.3510486640827988,463.1585119829366,18,216
11_05,11,5,19,1.3510486640827988,463.1585119829366,5,221
11_05,11,5,20,1.3510486640827988,463.1585119829366,3,224
11_05,11,5,21,1.3510486640827988,463.1585119829366,10,234
11_05,11,5,22,1.3510486640827988,463.1585119829366,3,237
11_05,11,5,23,1.3510486640827988,463.1585119829366,0,237
11_05,11,5,24,1.3510486640827988,463.1585119829366,0,237
11_05,11,5,25,1.3510486640827988,463.1585119829366,3,240
11_05,11,5,26,1.3510486640827988,463.1585119829366,0,240
11_06,11,6,10,1.0585563103187114,360.4661285259095,0,0
11_06,11,6,11,1.0585563103187114,360.4661285259095,0,0
11_06,11,6,12,1.0585563103187114,360.4661285259095,10,10
11_06,11,6,13,1.0585563103187114,360.4661285259095,22,32
11_06,11,6,14,1.0585563103187114,360.4661285259095,37,69
11_06,11,6,15,1.0585563103187114,360.4661285259095,40,109
11_06,11,6,16,1.0585563103187114,360.4661285259095,37,146
11_06,11,6,17,1.0585563103187114,360.4661285259095,20,166
11_06,11,6,18,1.0585563103187114,360.4661285259095,18,184
11_06,11,6,19,1.0585563103187114,360.4661285259095,15,199
11_06,11,6,20,1.0585563103187114,360.4661285259095,7,206
11_06,11,6,21,1.0585563103187114,360.4661285259095,12,218
11_06,11,6,22,1.0585563103187114,360.4661285259095,3,221
11_06,11,6,23,1.0585563103187114,360.4661285259095,0,221
11_06,11,6,24,1.0585563103187114,360.4661285259095,0,221
11_06,11,6,25,1.0585563103187114,360.4661285259095,0,221
11_06,11,6,26,1.0585563103187114,360.4661285259095,3,224
11_07,11,7,10,1.5251360886488965,515.4504161331479,0,0
11_07,11,7,11,1.5251360886488965,515.4504161331479,5,5
11_07,11,7,12,1.5251360886488965,515.4504161331479,13,18
11_07,11,7,13,1.5251360886488965,515.4504161331479,19,37
11_07,11,7,14,1.5251360886488965,515.4504161331479,65,102
11_07,11,7,15,1.5251360886488965,515.4504161331479,36,138
11_07,11,7,16,1.5251360886488965,515.4504161331479,36,174
11_07,11,7,17,1.5251360886488965,515.4504161331479,18,192
11_07,11,7,18,1.5251360886488965,515.4504161331479,14,206
11_07,11,7,19,1.5251360886488965,515.4504161331479,13,219
11_07,11,7,20,1.5251360886488965,515.4504161331479,17,236
11_07,11,7,21,1.5251360886488965,515.4504161331479,3,239
11_07,11,7,22,1.5251360886488965,515.4504161331479,3,242
11_07,11,7,23,1.5251360886488965,515.4504161331479,0,242
11_07,11,7,24,1.5251360886488965,515.4504161331479,0,242
11_07,11,7,25,1.5251360886488965,515.4504161331479,0,242
11_07,11,7,26,1.5251360886488965,515.4504161331479,3,245
11_08,11,8,10,1.1837883783151637,412.7082659067072,0,0
11_08,11,8,11,1.1837883783151637,412.7082659067072,0,0
11_08,11,8,12,1.1837883783151637,412.7082659067072,11,11
11_08,11,8,13,1.1837883783151637,412.7082659067072,17,28
11_08,11,8,14,1.1837883783151637,412.7082659067072,59,87
11_08,11,8,15,1.1837883783151637,412.7082659067072,63,150
11_08,11,8,16,1.1837883783151637,412.7082659067072,21,171
11_08,11,8,17,1.1837883783151637,412.7082659067072,21,192
11_08,11,8,18,1.1837883783151637,412.7082659067072,22,214
11_08,11,8,19,1.1837883783151637,412.7082659067072,17,231
11_08,11,8,20,1.1837883783151637,412.7082659067072,0,231
11_08,11,8,21,1.1837883783151637,412.7082659067072,3,234
11_08,11,8,22,1.1837883783151637,412.7082659067072,3,237
11_08,11,8,23,1.1837883783151637,412.7082659067072,0,237
11_08,11,8,24,1.1837883783151637,412.7082659067072,3,240
11_08,11,8,25,1.1837883783151637,412.7082659067072,0,240
11_08,11,8,26,1.1837883783151637,412.7082659067072,0,240
12_05,12,5,10,0.37947251107936575,102.9239746342262,0,0
12_05,12,5,11,0.37947251107936575,102.9239746342262,0,0
12_05,12,5,12,0.37947251107936575,102.9239746342262,0,0
12_05,12,5,13,0.37947251107936575,102.9239746342262,7,7
12_05,12,5,14,0.37947251107936575,102.9239746342262,14,21
12_05,12,5,15,0.37947251107936575,102.9239746342262,17,38
12_05,12,5,16,0.37947251107936575,102.9239746342262,12,50
12_05,12,5,17,0.37947251107936575,102.9239746342262,10,60
12_05,12,5,18,0.37947251107936575,102.9239746342262,13,73
12_05,12,5,19,0.37947251107936575,102.9239746342262,3,76
12_05,12,5,20,0.37947251107936575,102.9239746342262,0,76
12_05,12,5,21,0.37947251107936575,102.9239746342262,3,79
12_05,12,5,22,0.37947251107936575,102.9239746342262,0,79
12_05,12,5,23,0.37947251107936575,102.9239746342262,0,79
12_05,12,5,24,0.37947251107936575,102.9239746342262,0,79
12_05,12,5,25,0.37947251107936575,102.9239746342262,3,82
12_05,12,5,26,0.37947251107936575,102.9239746342262,0,82
12_06,12,6,10,0.41025438645172346,103.02778394842733,0,0
12_06,12,6,11,0.41025438645172346,103.02778394842733,0,0
12_06,12,6,12,0.41025438645172346,103.02778394842733,3,3
12_06,12,6,13,0.41025438645172346,103.02778394842733,0,3
12_06,12,6,14,0.41025438645172346,103.02778394842733,4,7
12_06,12,6,15,0.41025438645172346,103.02778394842733,10,17
12_06,12,6,16,0.41025438645172346,103.02778394842733,7,24
12_06,12,6,17,0.41025438645172346,103.02778394842733,3,27
12_06,12,6,18,0.41025438645172346,103.02778394842733,0,27
12_06,12,6,19,0.41025438645172346,103.02778394842733,0,27
12_06,12,6,20,0.41025438645172346,103.02778394842733,0,27
12_06,12,6,21,0.41025438645172346,103.02778394842733,0,27
12_06,12,6,22,0.41025438645172346,103.02778394842733,0,27
12_06,12,6,23,0.41025438645172346,103.02778394842733,0,27
12_06,12,6,24,0.41025438645172346,103.02778394842733,0,27
12_06,12,6,25,0.41025438645172346,103.02778394842733,0,27
12_06,12,6,26,0.41025438645172346,103.02778394842733,0,27
12_07,12,7,10,1.229651143380607,309.2997934510754,0,0
12_07,12,7,11,1.229651143380607,309.2997934510754,0,0
12_07,12,7,12,1.229651143380607,309.2997934510754,0,0
12_07,12,7,13,1.229651143380607,309.2997934510754,14,14
12_07,12,7,14,1.229651143380607,309.2997934510754,37,51
12_07,12,7,15,1.229651143380607,309.2997934510754,42,93
12_07,12,7,16,1.229651143380607,309.2997934510754,24,117
12_07,12,7,17,1.229651143380607,309.2997934510754,6,123
12_07,12,7,18,1.229651143380607,309.2997934510754,4,127
12_07,12,7,19,1.229651143380607,309.2997934510754,0,127
12_07,12,7,20,1.229651143380607,309.2997934510754,0,127
12_07,12,7,21,1.229651143380607,309.2997934510754,3,130
12_07,12,7,22,1.229651143380607,309.2997934510754,0,130
12_07,12,7,23,1.229651143380607,309.2997934510754,0,130
12_07,12,7,24,1.229651143380607,309.2997934510754,0,130
12_07,12,7,25,1.229651143380607,309.2997934510754,0,130
12_07,12,7,26,1.229651143380607,309.2997934510754,0,130
12_08,12,8,10,2.0397742646924772,515.8739653861719,0,0
12_08,12,8,11,2.0397742646924772,515.8739653861719,0,0
12_08,12,8,12,2.0397742646924772,515.8739653861719,9,9
12_08,12,8,13,2.0397742646924772,515.8739653861719,20,29
12_08,12,8,14,2.0397742646924772,515.8739653861719,54,83
12_08,12,8,15,2.0397742646924772,515.8739653861719,69,152
12_08,12,8,16,2.0397742646924772,515.8739653861719,40,192
12_08,12,8,17,2.0397742646924772,515.8739653861719,21,213
12_08,12,8,18,2.0397742646924772,515.8739653861719,18,231
12_08,12,8,19,2.0397742646924772,515.8739653861719,6,237
12_08,12,8,20,2.0397742646924772,515.8739653861719,4,241
12_08,12,8,21,2.0397742646924772,515.8739653861719,4,245
12_08,12,8,22,2.0397742646924772,515.8739653861719,0,245
12_08,12,8,23,2.0397742646924772,515.8739653861719,0,245
12_08,12,8,24,2.0397742646924772,515.8739653861719,0,245
12_08,12,8,25,2.0397742646924772,515.8739653861719,0,245
12_08,12,8,26,2.0397742646924772,515.8739653861719,0,245
12_09,12,9,10,0.22305256211600316,51.618561402604115,0,0
12_09,12,9,11,0.22305256211600316,51.618561402604115,0,0
12_09,12,9,12,0.22305256211600316,51.618561402604115,3,3
12_09,12,9,13,0.22305256211600316,51.618561402604115,4,7
12_09,12,9,14,0.22305256211600316,51.618561402604115,7,14
12_09,12,9,15,0.22305256211600316,51.618561402604115,0,14
12_09,12,9,16,0.22305256211600316,51.618561402604115,3,17
12_09,12,9,17,0.22305256211600316,51.618561402604115,5,22
12_09,12,9,18,0.22305256211600316,51.618561402604115,4,26
12_09,12,9,19,0.22305256211600316,51.618561402604115,0,26
12_09,12,9,20,0.22305256211600316,51.618561402604115,4,30
12_09,12,9,21,0.22305256211600316,51.618561402604115,0,30
12_09,12,9,22,0.22305256211600316,51.618561402604115,0,30
12_09,12,9,23,0.22305256211600316,51.618561402604115,0,30
12_09,12,9,24,0.22305256211600316,51.618561402604115,0,30
12_09,12,9,25,0.22305256211600316,51.618561402604115,0,30
12_09,12,9,26,0.22305256211600316,51.618561402604115,0,30
13_07,13,7,10,1.0428449160305047,206.22148897908673,0,0
13_07,13,7,11,1.0428449160305047,206.22148897908673,0,0
13_07,13,7,12,1.0428449160305047,206.22148897908673,6,6
13_07,13,7,13,1.0428449160305047,206.22148897908673,0,6
13_07,13,7,14,1.0428449160305047,206.22148897908673,25,31
13_07,13,7,15,1.0428449160305047,206.22148897908673,14,45
13_07,13,7,16,1.0428449160305047,206.22148897908673,3,48
13_07,13,7,17,1.0428449160305047,206.22148897908673,0,48
13_07,13,7,18,1.0428449160305047,206.22148897908673,17,65
13_07,13,7,19,1.0428449160305047,206.22148897908673,3,68
13_07,13,7,20,1.0428449160305047,206.22148897908673,0,68
13_07,13,7,21,1.0428449160305047,206.22148897908673,0,68
13_07,13,7,22,1.0428449160305047,206.22148897908673,0,68
13_07,13,7,23,1.0428449160305047,206.22148897908673,0,68
13_07,13,7,24,1.0428449160305047,206.22148897908673,0,68
13_07,13,7,25,1.0428449160305047,206.22148897908673,0,68
13_07,13,7,26,1.0428449160305047,206.22148897908673,0,68
13_08,13,8,10,0.49098371370414506,103.199021302552,0,0
13_08,13,8,11,0.49098371370414506,103.199021302552,0,0
13_08,13,8,12,0.49098371370414506,103.199021302552,3,3
13_08,13,8,13,0.49098371370414506,103.199021302552,7,10
13_08,13,8,14,0.49098371370414506,103.199021302552,10,20
13_08,13,8,15,0.49098371370414506,103.199021302552,16,36
13_08,13,8,16,0.49098371370414506,103.199021302552,12,48
13_08,13,8,17,0.49098371370414506,103.199021302552,10,58
13_08,13,8,18,0.49098371370414506,103.199021302552,4,62
13_08,13,8,19,0.49098371370414506,103.199021302552,3,65
13_08,13,8,20,0.49098371370414506,103.199021302552,3,68
13_08,13,8,21,0.49098371370414506,103.199021302552,3,71
13_08,13,8,22,0.49098371370414506,103.199021302552,0,71
13_08,13,8,23,0.49098371370414506,103.199021302552,0,71
13_08,13,8,24,0.49098371370414506,103.199021302552,0,71
13_08,13,8,25,0.49098371370414506,103.199021302552,0,71
13_08,13,8,26,0.49098371370414506,103.199021302552,0,71
